doubtless,1
chained,1
witty,1
suggest,1
dispute,1
pray,1
hungry,1
lazerone,1
strange,1
upside,1
vase,1
glass,1
buying,1
helmet,1
laugh,1
laughed,1
wives,2
oration,1
request,1
travelled,1
downward,1
knees,1
dancing,1
reproved,2
ladies,1
spit,1
colouring,1
representing,1
paved,1
splendid,1
foods,1
undignified,1
ox,1
intoxicated,1
drink,1
dost,2
dogs,1
professed,1
fasten,1
knot,1
tied,1
curiously,1
ashamed,1
saints,1
splendidly,1
fare,1
catch,1
wetted,1
fishes,1
scorned,1
flatterer,2
partridge,1
occasions,1
sharply,2
listened,2
answers,1
wonderfully,1
achieving,1
subdue,1
hat,1
snowed,1
hair,1
displeased,1
urbanity,1
proportioned,1
stature,1
earlier,1
great-'grandson,1
buried,2
sign,1
obsequies,1
swear,1
recommending,1
thine,1
eaten,1
deflect,1
shouldst,2
stranger,1
boy,1
surmount,1
endow,1
insists,1
subjugated,1
smaller,2
doctors,2
unhealthy,1
thank,1
fatigued,2
prosecution,1
envious,2
infinitely,1
slaughter,1
albizzi,1
falconi,1
javelin,1
remainder,1
across,1
adversaries,1
defensive,1
inferiority,1
cleared,1
pushed,1
wounded,1
trampled,1
faces,1
shouts,1
javelins,1
bucklers,1
riders,1
rolled,1
deep,1
crossed,1
ordering,1
shoulders,1
fordable,1
wide,1
surrounding,1
gusciana,1
prospects,1
believing,1
montelupo,1
signa,1
motion,1
surrender,1
banishment,1
cerchi,1
bonifacio,1
secrecy,1
suppress,1
pressure,1
relieved,1
florins,1
maintenance,1
lupacci,1
struck,2
celebrating,1
occupying,1
neapolitans,1
brunelleschi,1
rossi,1
safety,1
spread,1
previously,1
infantrymen,2
decisive,2
strike,1
stout,1
backward,1
hell,1
unready,1
ahead,1
main,1
hurried,1
persist,1
resident,1
displace,1
unclaimed,1
manfred,2
divide,1
gently,1
steep,2
narrow,2
blocks,1
numbers,2
shouted,1
serravalle,7
assembling,1
pressed,1
angered,2
ducat,2
baldini,1
cecchi,1
baldo,1
pistoians,4
tempt,2
wills,1
pomp,1
voluntary,1
admonished,1
brocaded,1
removed,1
corn,1
ceased,1
apply,1
enrico,5
dearness,1
disturbances,1
countryside,1
remitting,1
faction,1
possente,2
bastiano,4
bianchi,2
secrets,1
confided,1
mountaineers,1
wind,1
pretences,1
truce,2
proposal,1
recovered,1
thanked,1
responded,1
graciously,1
behalf,1
intervened,1
deserved,1
elevate,1
inflicting,1
miniato,4
valdarno,1
surrounded,2
ensigns,1
buonaccorsi,1
lapo,1
guidi,2
governorship,1
constrained,1
enraged,1
lieutenant,2
solemnly,1
imprudent,1
subjection,1
anastagio,1
pontremoli,1
lunigiana,2
planned,1
discreetly,1
openly,1
circles,1
availed,1
occurrences,1
gaddo,2
finish,1
thy,11
cursed,1
incensed,2
supper,2
neri,4
agnolo,1
onset,1
taranto,1
knights,1
officers,1
heavy,1
efficient,1
commemoration,1
pier,1
expedient,1
separated,1
vast,1
center,1
contact,1
march,3
flanks,5
exactly,1
noticed,1
emboldened,1
cured,1
growing,2
occurrence,1
skirmishes,1
posted,2
withdrew,3
appearance,1
marched,3
headquarters,1
forcing,1
calling,1
munitions,2
onesti,1
tower,2
plan,2
communications,3
paris,1
faggiuola,2
uguccione,22
ruberto,7
deputy,3
scorn,1
eminence,1
seeds,1
sow,1
opizi,2
degli,2
undo,1
tyrannical,1
harbouring,1
suspected,1
enormously,1
tutor,2
arts,2
estimation,3
ghibellines,7
inferiors,1
courteous,2
deferential,1
delightful,2
enhanced,1
charger,1
horseman,1
astonishing,1
delighted,1
blushing,1
informed,2
games,2
finest,1
podesta,1
balcony,1
evenings,1
inception,1
mornings,1
guinigi,13
sorrow,1
betrayal,1
wrestling,1
playing,1
chiding,1
unfitted,1
canonry,1
montecatini,2
inducted,1
imparted,1
quickness,1
handsome,1
baptized,1
child,3
customary,1
linen,1
clothed,2
washed,1
lifted,1
enveloped,1
face,3
resembling,1
direction,3
vine,1
rustling,1
dinner,1
herbs,1
deeply,2
dianora,2
madonna,2
gardens,1
resided,4
vineyard,2
marry,1
marching,1
dying,1
buonaccorso,2
sister,3
priest,6
fallen,1
numbered,1
begins,1
jove,1
shame,1
parentage,1
paucity,1
wild,1
exposed,3
obscurity,1
excelled,6
performed,1
dearest,1
luigi,2
buondelmonti,1
january,1
prayed,2
kill,3
silenced,1
tumult,4
sacked,1
outrage,1
repressed,1
orsinian,1
dismounted,1
obeisance,1
telling,1
signalled,1
recommended,1
parted,1
midday,1
approaching,1
conscious,1
green,1
cape,1
wearing,1
mules,1
wheeled,1
suburb,1
fifty,1
room,3
stands,1
transversely,1
gate,6
abreast,1
crosses,1
arrives,1
passes,1
draws,1
looking,2
bathes,1
bases,1
marca,1
cavalcade,1
await,3
river,22
pairs,2
d'euna,1
michele,4
don,3
communicated,1
departure,2
residence,1
agreed,4
gifts,2
sincerity,1
lack,1
pointing,1
cleverness,1
brother-'in-'law,1
candales,1
suspicions,1
awaken,1
surrendered,3
propose,1
stayed,1
check,1
completed,2
promised,4
covenants,1
concluded,4
outwit,1
separate,1
insurgents,1
encountered,2
sending,2
reconciliation,6
negotiate,3
recovering,1
everybody's,1
wore,1
sundry,1
lessened,1
destroying,1
diet,1
effected,2
thence,5
leaping,2
inside,1
prevented,1
bridge,4
beams,1
timber,1
causing,1
presentiment,1
effecting,2
throughout,4
reported,1
weighed,1
promising,1
curbing,1
gianpagolo,1
domination,1
arrived,4
chiana,1
arezzo,2
calumnies,1
dacre,1
charm,1
brests,1
cuor,1
negli,1
corto,1
combatter,1
prendera,1
furore,1
virtu,1
petrarch,1
charge,3
stinks,1
envy,2
tears,1
express,1
improvements,1
variation,1
infantries,1
germans,3
agility,1
tactics,2
battalions,3
vitellian,1
combat,2
securing,1
commanded,5
addressed,1
battles,1
mestri,2
obedient,1
comparison,1
dexterity,2
combats,1
matteo,4
hand-'to-'hand,1
duels,1
attentively,1
exhausted,2
manna,1
front,3
rained,2
water,5
sea,6
amazement,1
practices,1
manifested,2
extraordinarily,1
banner,1
insolencies,1
deliver,2
festered,1
taxing,1
plundering,1
wounds,2
heal,1
effective,1
waits,1
ordained,1
lately,1
desolation,1
torn,1
hebrews,1
extremity,1
capabilities,1
fit,1
concur,1
propitious,1
audacity,1
rich,2
lover,2
allows,1
ill-'use,1
woman,2
agreement,1
deviated,1
cautiously,2
required,1
waited,2
passive,1
impetuously,1
lessons,1
adventurous,3
accommodate,1
circumspect,1
converge,1
governs,1
observances,1
haste,2
accord,1
directs,1
memorials,1
lowly,1
to-'morrow,1
confining,1
invasion,1
impulse,1
constrain,1
thither,1
waters,3
sweeping,1
uberti,1
overflows,1
flood,1
raging,1
compare,1
sorel's,1
exiles,2
universe,1
older,1
extinguish,1
conjecture,1
deliverance,1
permanency,1
expedients,1
tempest,1
accuse,1
quintius,1
absence,3
knowest,1
tighter,1
narrowly,1
suggestions,1
previous,1
whencesoever,1
inferred,1
warned,1
constraint,1
untrue,1
advisers,1
felt,2
inquired,1
listener,1
offering,2
involved,1
mary,1
duke's,3
undoes,1
pliant,1
revealed,2
carrying,1
luca,2
resolutions,2
convention,1
preferred,1
councillors,1
conclusions,1
inquires,1
letting,2
falling,1
self-'complacent,1
branch,1
sharing,1
interests,2
initiative,1
necessarily,1
comprehended,1
intellects,1
classes,1
greatly,5
servant,8
move,4
venafro,3
weighty,1
antonio,14
discrimination,1
individuals,1
descent,1
gentile,1
underlying,1
regimental,1
royal,1
signifies,1
admitted,3
oath,2
oneself,2
rotisya,1
verb,1
ars,1
maude,1
aylmer,1
similarity,1
wings,3
exhorted,1
responsible,1
pecuniarily,1
permanent,1
complex,1
wallace's,1
mackenzie,1
russia,2
artel,3
admirably,1
corporation,1
florio,1
tribu,2
o,1
restoration,1
arti,2
intelligence,1
bodies,2
cecco,1
guilds,4
convenient,1
groups,1
spectacles,1
lest,6
flies,1
improving,1
agriculture,1
commerce,1
intends,1
peaceably,1
callings,1
proficient,1
horse,2
labour,1
distinguish,1
ordinary,2
imagine,1
compels,1
purposes,1
charged,1
alliance,4
companions,3
conduce,1
indebted,2
gallantly,1
path,2
entreat,1
neutrality,2
erroneous,1
interfere,1
envoys,3
loses,2
declares,2
reservation,1
rewarding,1
milano,1
internal,1
unusual,1
commissioners,1
hazard,1
steadily,1
suspense,1
assailed,2
artels,1
moors,1
clearing,1
driving,2
spoils,2
plea,2
sustain,2
perceive,1
innovations,1
thinking,5
castile,1
hast,9
hindrance,1
foremost,1
setting,2
sylvester,1
pasolini,1
signori,1
appointment,1
cares,3
recover,3
consort,1
countess,3
castle,12
razed,1
ubaldo,2
ducats,1
castello,1
refuge,2
favourable,1
alamanni,1
weighing,1
discontent,1
induced,1
demands,1
extracts,1
cancel,1
varies,1
petrucci,3
trusted,5
mount,2
obstacles,1
fallacious,1
enabling,1
differences,1
disputes,1
bloodshed,2
guelph,9
tributary,2
edgcumbe,1
reckoned,1
breeds,1
disarm,2
freely,2
handled,1
benefited,1
admit,1
comprehensively,1
decision,2
final,1
built,2
enmities,1
hunted,1
disarmed,4
stable,1
glorious,1
ally,3
tread,1
destructive,1
utterly,3
likewise,1
paradise,1
fatal,2
met,6
arming,2
heirs,1
aside,1
twelve,2
governance,2
testify,1
inordinate,1
aquileia,1
anger,2
seat,4
going,4
accession,1
hail,1
encampment,1
indignity,1
thrace,1
goal,1
effeminacy,1
imperial,4
vile,1
descending,1
indulge,1
brutal,1
footsteps,2
soldan,3
emperor's,2
threatened,1
thirty,2
contumeliously,1
careful,2
inflicted,2
latest,1
such-'like,1
centurion,2
extent,1
alexandria,1
ferocity,2
despiser,1
wondered,2
ingratitude,2
treachery,1
albinus,5
west,1
proclaimed,1
asiatic,1
praetorian,1
instrumental,1
sclavonia,1
demolish,1
persuaded,4
counterfeit,1
respectful,1
awed,1
successfully,1
iniquity,1
modesty,1
rapacious-'men,1
accorded,1
harm,1
gratify,1
think,10
administration,3
licentiously,1
justice,3
lovers,1
modest,2
possesses,1
special,1
inexperience,1
opposing,1
training,1
three-'quarters,1
double,4
begged,2
warlike,4
satisfaction,5
discovered,3
avarice,1
contended,1
note,2
vexation,1
macrinus,2
begging,1
bounded,1
caracalla,3
antoninus,4
top,1
julian,4
mons,1
commodus,5
councils,1
maximinus,6
marcus,8
studies,2
soul,5
deaths,2
violent,1
perhaps,4
management,1
parliament,1
despite,1
institutions,2
ordered,4
objects,1
contented,3
desperation,3
well-'ordered,1
esteem,2
reckon,1
michelle,1
alleged,2
arrested,1
february,1
alessandria,1
edge,1
condemnation,1
orsino,1
information,1
assassination,1
childhood,1
clean,1
grandfather,1
fathers,2
escape,2
crime,1
sequel,1
unfortunate,3
plot,1
prospect,1
abate,1
jealousy,2
reduce,2
obstinate,2
opening,1
malcontent,1
confront,1
expects,1
conspires,2
efficacious,1
accomplish,2
conspire,2
preparations,3
disturbed,5
fears,2
spat,2
fucecchio,5
conveys,2
irrevocable,1
dealings,1
fortitude,1
rock,4
mean-'spirited,1
touched,2
abstain,1
mastered,2
soil,1
fulfilled,1
generality,1
clearly,1
seems,3
vulgar,2
subtlety,1
trees,1
judges,1
saliva,1
majesty,6
touch,1
quality,1
lips,1
fool,2
bank,4
slip,1
politician,1
scheme,1
machiavel,1
square,4
comments,1
heresy,1
huguenot,1
designate,1
inevitably,1
stating,1
belief,3
indifferently,1
creed,1
attached,1
papal,1
serezzana,1
sanction,1
phrases,1
tutto,2
fede,5
diverge,1
variations,1
winds,1
require,1
upright,2
fostered,3
unnecessary,1
stuck,1
addition,1
succederono,1
sempre,1
nondimanco,1
mankind,2
deceits,1
affirm,1
oaths,1
victims,1
silence,2
necessities,2
pretender,1
gather,1
superiore,1
licet,1
si,1
posterius,1
est,1
confugiendum,1
beluarum,1
illud,1
cumque,1
vim,1
alterum,1
victor,2
per,2
unum,1
decertandi,1
agreeable,2
genera,1
duo,1
nam,1
cicero's,1
points,2
striving,1
allesandria,1
treaties,1
showing,6
non-'observance,1
convinced,1
observance,1
discover,3
wolves,2
choose,2
knowingly,1
enemy's,2
natures,2
nurse,2
describe,1
liberation,1
taught,2
beast,3
compassion,1
law,1
colleague,1
contesting,2
admits,1
p,4
fearing,6
returning,4
concealed,2
characteristic,2
beautiful,2
injurious,2
correct,2
insolence,4
distributed,1
waste,1
locrians,1
maximus,1
upbraided,1
license,1
view,2
silk,1
admire,1
produce,1
sight,4
enormous,2
enumerated,2
testina,3
wonderful,3
duties,1
helpful,1
disregard,1
neutral,4
craft,4
lapse,1
officiis,1
pretexts,2
justification,1
someone,10
abstains,1
micheli,1
inspire,1
broken,2
saddles,1
ample,1
baseness,2
offending,2
scruple,1
season,1
religione,1
payments,1
seventy,1
bed,2
precautions,1
relying,1
children,5
fickle,2
ungrateful,1
christopher,1
shores,1
strenuously,1
realms,1
bid,1
throne,5
tueri,1
custode,1
capture,3
moliri,1
cogunt,1
talia,1
novitas,1
reign,2
disaffected,1
dido,1
virgil,1
imputation,1
panciatichi,1
arrayed,1
cancellieri,1
worked,2
rioting,1
individual,3
merciful,4
rightly,1
unified,1
misuse,1
incur,1
seeking,4
wiser,1
wastes,1
adds,2
squander,1
giver,1
extortion,1
availing,1
precept,2
pillage,1
supporting,1
goes,3
survived,2
pre-'eminent,1
positions,2
thriftiness,1
temperate,1
supplied,2
lets,1
numberless,1
adhered,1
engage,1
injuring,1
revenues,1
economy,1
cost,1
disengaged,1
imperilled,1
stronger,1
affected,1
offended,2
unduly,1
flight,7
attribute,1
honestly,1
piacenza,1
injures,2
above-'named,4
carefully,4
saved,3
incurring,1
uneasy,1
abandon,2
hesitation,2
reproach,11
exhibit,1
praiseworthy,2
confess,1
frivolous,2
hard,2
cunning,3
chaste,1
treacherous,1
lascivious,1
haughty,1
affable,1
faithless,1
arrest,1
compassionate,2
seigniors,1
fortress,5
generous,2
deprives,1
call,3
south,1
term,1
elevated,3
reputed,4
spoken,7
imaginary,1
destroys,1
pictured,1
blows,3
daybreak,1
transgress,1
last,8
available,1
conferred,1
safer,3
conformed,1
appended,1
carmagnola,1
xenophon,2
scipio,7
achilles,2
resolved,5
exemplar,2
fia,1
way,62
defeat,7
sound,2
borne,1
test,1
suits,1
visit,1
greeks,1
uninjured,1
confirming,1
retreat,4
beheaded,2
effects,1
ourselves,1
re-'clothed,1
needed,3
praises,2
rarely,3
philopoemen,2
array,1
teaches,1
fabius,1
essential,2
root,1
lacks,2
arrive,2
saddle,1
aspect,1
hereafter,1
locality,1
undertake,3
pupil,1
again,22
gets,2
invade,1
persuade,1
barbiano,1
learns,2
drilled,1
regards,1
mean,4
addict,1
misfortunes,1
revolution,1
proportionate,1
being,136
ignominies,1
dangers,11
avoiding,3
eighteenth,1
riformare,1
upholds,1
superfluous,3
sole,1
understand,14
commit,2
accident,1
gazette,1
pall,1
peretola,1
recognised,1
zenith,1
existence,1
raising,1
own,98
implies,1
passerini,1
prerogatives,1
british,1
irresolute,3
approaches,1
ignorance,1
vigour,2
line,5
delle,4
examined,2
fevers,1
minor,4
seek,5
poison,1
industry,2
unconquerable,1
source,3
men-'at-'arms,6
discussions,1
lined,2
thoroughly,4
seventh,1
rejected,2
portion,3
pieces,1
unwilling,1
crown,2
town,10
presently,2
discerning,1
bowshot,1
colonies,6
imola,4
captured,3
cantacuzenus,1
medes,3
infidels,1
quit,1
turks,1
constantinople,1
ran,1
acting,3
expectation,2
applicable,1
ravenna,2
fruit,1
perceived,1
stipulated,1
proof,3
lucca,49
george,1
discourage,1
miserly,3
burnt,2
cunio,1
winter,1
pandolfo,5
avaricious,2
absent,1
induce,1
ditch,1
reaching,2
stockade,1
garrisons,1
val,5
ransom,1
distinguished,3
liberating,1
prisoners,5
arrangement,1
foreigner,4
fray,1
lightly,1
stopped,2
twenty,6
subsisting,1
insulted,1
contemptible,3
reassure,3
school,1
enlist,2
dainty,1
recently,2
seriously,1
benedetto,2
sigismund,1
tolians,6
colleoni,1
bussone,1
essex,1
hedingham,1
company,4
priestly,1
white,1
troops,5
sheer,1
collected,1
edward,2
enables,2
john,1
chiron,1
extrinsic,1
portentous,1
conio,2
possibly,2
inconsiderable,1
approached,3
administrators,1
slowly,2
count,7
roberto,2
murder,2
bolder,1
retrieve,1
unforeseen,1
francia,1
income,1
beat,3
taste,1
carmignuola,2
mixed,7
position,19
fortify,3
custom,3
virtue,8
land,5
plebians,1
proves,2
road,5
took,22
gloriously,1
verified,1
unmeritedly,1
resisting,1
campaigns,1
poured,2
soldier,3
deny,1
adorned,1
braccio,2
axiom,1
acknowledge,2
extended,1
august,1
unprotected,1
unreliable,1
queen,1
thebans,1
consisted,1
macedon,3
footmen,1
completely,4
switzers,10
obligations,5
ages,1
duty,2
year,14
wont,3
israel,2
resistance,3
abundance,2
dream,1
realm,2
consequent,1
cf,4
oppressing,3
conquer,8
reproaches,1
pistoia,23
quartermasters,1
governorships,1
mots,1
movements,1
spot,1
bons,1
whence,5
gesso,1
primo,2
related,3
describes,1
themselves,62
forth,3
pyrrhus,1
chose,1
robbed,2
henry,1
valiant,7
adding,2
based,1
defends,1
belong,1
offence,4
proposed,1
characteristics,3
particularly,3
venerated,1
holiness,1
entire,2
guided,1
born,28
bounds,1
reared,1
finally,4
prospered,2
improved,1
spend,2
goodness,2
alexander's,1
wiped,3
valore,1
chastisements,1
general,7
possessing,2
contributed,3
humours,2
giving,9
conquests,2
sixtus,1
disorder,2
restrain,1
unaccustomed,1
anxiety,5
francis,1
territory,4
humane,3
trembles,1
slightly,1
affability,1
hate,1
judgment,5
rash,5
presumptuous,2
cruelty,17
upheld,1
alienate,1
treaty,2
capacity,1
before,44
getting,2
would,165
burn,1
sores,1
plains,8
interfered,1
control,4
unmeaning,1
changeable,2
debate,1
disgrace,3
recognition,1
uphold,1
xxvi,2
pursuit,1
debts,1
drinking,1
lying,1
wife,4
year's,1
change,14
tuscan,2
occasioned,1
depots,1
achievements,3
artillery,1
ditches,1
surer,1
tedious,1
assault,1
material,3
progress,2
fortified,5
walls,4
personality,1
enemy,38
circumstance,2
gravity,1
possess,4
sort,2
confusions,1
exercise,7
amid,3
experience,10
rests,1
dismay,1
theseus,4
tyrant,3
undismayed,1
error,2
persuades,1
words,10
dispersed,4
epaminondas,1
except,17
odious,3
display,1
mud,2
defiance,1
anxieties,2
trite,1
statement,1
defer,1
actions,24
impugn,1
rendered,4
handling,2
must,30
sustained,3
succeeds,1
nabis,3
indeed,3
benefactor,1
overwhelmed,1
shun,1
disgusted,3
magnifico,1
surnamed,2
ends,1
adversity,7
set,13
counsel,5
case,19
pusillanimity,1
err,2
rapacious,6
late,3
binds,1
mainly,1
unmake,1
mission,1
righteous,1
huge,1
valued,4
exist,2
equals,2
goths,1
maintains,2
originated,1
vent,2
anarchy,1
desires,4
opposite,11
oppress,2
shrewdness,1
adriatic,1
altogether,5
coming,7
balfour,1
distracted,2
mild,1
troubled,3
goliath,1
unexpected,2
sayings,1
exalted,1
tasted,1
despair,1
unsettling,1
repeat,2
bragged,1
dashed,1
stroke,1
examine,3
expansion,1
disaster,1
remarked,2
inherent,1
obvious,1
pour,1
crudelta,1
measure,6
equivalent,1
events,5
decrease,1
disastrous,1
praise,4
firing,1
multiply,1
severities,2
doubtful,6
arose,13
external,2
treacheries,1
michelagnolo,1
quis,1
strangled,3
human,8
safely,1
tuscans,1
countenance,1
magistrate,1
benefices,1
compared,1
enable,4
sling,1
commenced,5
rode,3
murders,4
limits,1
slaughtered,1
italici,1
issued,2
chamber,3
surprise,3
europe,2
betook,1
answered,12
mouths,2
enterprises,9
rid,2
artfully,1
entertainments,1
viands,1
parts,3
banquet,3
lodged,1
nephew,2
gerozzo,1
fermians,2
accused,1
entreated,1
retainers,1
honourably,3
night,12
close,7
laboured,2
most,48
slavery,2
robbery,3
serve,5
sumptuously,1
expeditions,1
paltry,1
attempted,1
methuen,1
benignant,1
suggested,1
majority,1
v,4
endowed,1
rivers,4
brother,5
turns,3
far-'seeing,1
excuses,2
discipline,6
giovanni,19
discerned,1
maternal,1
inhumanity,2
overcoming,3
boldly,2
step,2
ornaments,1
invited,3
pre-'eminence,1
asserted,1
content,9
conform,2
home,5
reduced,3
punishment,2
sprung,2
defence,9
ghibelline,2
besieged,3
truer,1
crush,2
twice,1
medici,20
whereby,2
ordinance,1
princedom,2
dead,4
germs,1
deal,2
bear,4
senators,1
relating,1
employed,5
assembled,8
campaign,2
restored,8
sicily,3
army,50
mastery,1
amilcar,1
assemble,2
solid,1
purpose,2
short-'sighted,1
conceded,1
welcomed,2
temporize,2
obligation,4
praetor,1
self-'interest,1
intercept,1
profession,5
conspirator,4
things,57
explanandis,1
military,10
infamous,1
potter,1
abject,2
corrupt,2
illustrated,1
romagnian,2
method,4
stop,2
silent,2
attracted,1
knight,1
manifest,4
attraction,1
raffaello,1
bandini,1
sects,1
ultimate,1
pitigliano,2
failing,1
latter,17
overrun,3
shifting,1
ascanio,3
contempt,7
giorgio,7
victory,14
pontiffs,2
settled,5
lively,1
fury,3
zeal,1
ears,2
kings,1
create,2
liberal,10
differing,2
humbled,1
magnanimous,1
disdain,2
particular,4
gracious,2
sheltering,1
res,1
fraud,2
sickness,1
regulated,1
rout,1
aims,1
recalled,3
hills,1
vincula,3
good,72
half,5
anticipated,1
provided,4
elected,10
alive,4
given,30
field,7
month,1
consolidated,1
depended,1
stood,10
alliances,2
notions,1
pounced,1
reliance,1
asks,1
conditions,6
apprehends,1
incurred,1
chill,1
us,20
back,12
intended,7
resist,9
hominis,1
strengthened,3
instrumentality,1
do,84
resemblance,3
exhortation,2
converting,1
thirdly,1
undone,1
secondly,1
together,7
gaeta,1
permitting,1
besieging,2
presence,3
gladiators,1
expedition,4
powerless,1
mistake,3
proceed,4
vicinity,1
swindling,1
idea,3
walking,1
started,2
lorqua,1
defended,6
dismayed,1
favouring,3
carthaginian,1
spectacle,1
bloody,1
pazzino,1
closely,3
block,1
eleventh,1
pleased,4
considers,4
cesena,3
executed,2
one,297
morning,7
civil,7
writings,4
sovereignty,2
assent,1
sternness,1
practised,3
minds,5
past,4
dominion,6
notable,1
noble,5
advocates,1
prestige,1
defeated,2
president,1
near,10
domnia,1
fullest,1
impression,3
swift,1
ramiro,4
benefits,8
messer,38
elsewhere,3
thereupon,2
delicate,1
violence,6
quarrels,2
union,2
hot,1
scourings,1
milan,22
disunion,1
zanobi,2
unhappy,1
forefathers,2
plundered,1
notice,2
not,479
acquisition,7
touching,1
prosperity,3
calm,1
sufficiently,7
thrown,4
sword,2
apparel,1
mediation,1
under,70
hoped,6
conceal,1
overcame,1
insolent,1
meeting,5
practice,1
valiantly,1
omitted,3
perceiving,1
camp,3
throw,1
disloyal,2
spain,15
colonna,2
pious,1
peaceful,2
awaited,2
months,2
gentlemen,7
crying,1
reduction,1
adherents,5
cleanse,1
writer,1
parties,8
girl,1
trial,1
banquets,1
weakened,1
people's,1
luck,2
calls,1
honesty,1
church,23
decided,12
buy,1
families,5
reach,7
undertaking,2
towns,10
leaders,6
desist,1
mention,2
vices,5
learned,3
enlisting,2
warn,1
seize,8
sheep,1
winning,3
consent,4
hinder,3
entrusting,1
loyal,2
foundation,5
lance,1
replete,1
prince,220
advance,4
imagination,1
disturbance,1
while,6
attempt,3
expanse,1
nothing,27
dissolving,1
object,5
conquered,17
oppose,4
overreached,1
cum,1
house,27
wherein,4
inclined,7
seasons,1
young,6
colonnesi,6
shameless,1
namely,3
aggrandizement,2
protection,4
permitted,5
billets,1
favours,4
terrified,1
adopt,2
liable,2
counter,1
rob,3
prospective,1
boccansacchi,1
aggrandize,2
warning,1
circumstances,8
building,1
dependents,2
architect,1
descritione,1
caution,5
illustrious,6
agent,1
aggrieved,1
invests,1
allo,1
accredited,1
visconti,7
about,24
maria,1
injured,6
die,7
confronted,2
thousand,33
against,95
genius,6
proper,8
correspondency,1
strong,9
roots,2
correspondencies,2
indications,1
rapidly,5
persons,2
ravaged,1
unexpectedly,2
bringing,1
emperors,8
intrigue,1
appreciates,1
introduce,2
bestows,1
atop,1
encourage,4
c,8
b,8
solemn,1
reputation,25
told,13
edifice,1
describing,1
allies,5
organized,4
abolished,2
wanted,1
wiles,1
tales,1
instances,1
rewarded,3
delayed,2
arisen,2
prior,1
owe,2
mounting,1
vaila,6
discern,1
named,4
besides,7
suffice,2
add,1
comest,1
honoured,6
prosperous,1
opportunity,32
fail,11
continue,1
burd,3
begin,2
overcome,11
hoc,1
formidable,2
unbelievers,1
shadow,1
nose,1
making,9
steadfast,4
advised,2
working,3
foster,2
veterans,1
firmly,1
believed,8
fra,3
nardi,1
scopo,1
happened,17
constitutions,1
wondering,2
fix,2
variable,1
interfering,1
prophets,1
badly,3
diverted,1
prayers,1
use,19
assisting,1
depend,6
pressior,1
along,5
castruccio's,6
surround,1
endangered,2
lukewarmly,1
magistrates,3
defend,20
fellow,1
prato,1
facing,2
partly,10
bind,5
saluted,1
coolness,1
uncertain,2
rise,9
measured,4
valorous,1
over-'confident,1
two,54
fall,8
testament,1
ennobled,2
firenze,1
became,29
fortunate,2
shown,12
rare,4
dispossessed,1
effeminate,5
toothing,1
persians,3
founder,1
birth,5
associations,1
drives,1
alba,1
he,919
oppressed,10
egypt,1
greater,17
liability,1
best,8
snares,2
mould,1
beyond,9
examining,2
leghorn,1
avignon,1
folly,1
besiege,2
join,4
admirable,3
admired,3
arm,3
executor,1
fixed,7
cyrus,9
fox,6
facilitates,1
strongest,1
degree,7
mitigate,2
peacefully,1
presupposes,1
accordingly,4
cardinals,4
fewer,2
astute,1
height,3
ferdinand's,1
varying,2
arrow,1
system,2
bow,1
compete,1
distant,9
those,194
marshes,2
picture,1
hit,2
preservation,1
designing,1
fly,3
sloth,2
keeping,10
archers,1
learn,8
barbarous,3
far-'reaching,1
clever,2
yearly,1
showed,6
seized,14
paths,2
adduce,3
vengeance,2
prove,3
faith,16
know,27
frederick,6
obey,6
chance,7
disunited,2
liberated,1
provide,2
privileges,3
severe,2
slay,1
dismantle,1
victualled,1
obstructed,1
supported,1
succeed,5
pertinax,6
capua,3
mark,4
thebes,1
bernabo,2
athens,1
knows,4
darius,5
oligarchy,2
third,9
enslaved,2
gates,4
next,5
uniformity,1
chief,5
actors,1
want,5
ladder,1
simply,2
marvel,1
bestowed,2
ask,4
remembered,2
according,11
ionia,1
inflict,2
toga,1
possessors,1
bound,6
continuance,1
endured,3
attains,2
rebellions,1
tranquillity,1
anxious,2
enjoyed,2
overthrow,3
brings,4
bit,2
becomes,8
exterminate,2
manacles,1
unable,8
evidence,3
fresh,2
heads,1
cited,2
compass,3
render,6
access,1
knighted,1
honor,1
finds,4
curb,2
baron,2
entry,1
gaining,2
romagna,16
conqueror,4
replace,1
doing,10
assigned,1
small,5
pass,17
corrupted,4
marriage,4
professions,1
sonetti,1
enduring,2
strove,1
bondmen,1
losing,2
slaves,1
especially,16
desiring,2
around,10
infant,2
austere,1
assisted,4
resolution,1
ease,11
oriental,1
boldness,3
peril,4
watched,2
allurements,1
chooses,1
commended,1
national,1
sends,1
sanjaks,1
dividing,2
obedience,9
cherish,1
superior,2
affection,3
xv,2
innovators,1
carthaginians,4
abandoned,2
recognize,9
whose,9
forsook,1
blood,4
disposition,2
dedicated,2
dignity,5
barons,7
noise,2
discussed,10
employment,2
governed,8
siena,4
lived,13
mercenary,5
scarcely,4
desirous,3
patience,3
reap,1
asia,3
impeded,1
condemn,1
more,154
enlarged,1
newly,3
used,10
important,6
taxes,2
rebelled,6
decide,1
considering,3
liking,1
fails,6
caused,18
italians,4
usually,1
nantes,1
miracle,1
masses,2
created,10
dependent,1
georges,1
slept,1
archbishop,2
has,161
trusting,3
challenge,1
duchy,7
bow-'shot,2
movement,2
widow,3
idle,2
david,2
experiences,1
anne,1
divorced,1
reply,7
unsettled,3
casciano,2
pledge,2
began,10
fines,1
happy,6
ferdinand,7
moralizes,1
allege,1
glory,15
perpetrated,1
morto,1
integrity,2
blunder,1
from,220
courage,14
frustrated,1
pontificate,3
casavecchio,2
designs,9
ambassador,2
endeavoured,2
consented,4
accomplishments,1
behave,1
probably,1
contributes,1
increased,5
neither,26
intentions,3
regard,5
merited,1
justified,1
shelter,3
somewhere,1
thou,22
fortunati,2
out,83
ambitious,3
universal,1
associate,3
becoming,8
foe,1
ignored,1
prevent,1
protect,2
eye,3
timidity,1
prime,3
beloved,5
spiritual,1
cloth,1
something,4
miles,5
weather,1
allegations,1
aggrandized,3
earn,2
lap,1
plans,3
retirement,1
depriving,2
uti,1
retain,6
spirits,2
occupy,1
satisfied,5
contrary,11
captains,15
sooner,5
remained,10
watchword,1
weak,4
assume,2
directly,1
two-'thirds,1
granada,1
supreme,4
captive,2
dispositions,1
stopping,1
friend,12
goest,2
immediately,5
appreciate,1
advances,1
unfaithful,3
pisans,6
lucchese,10
unjudged,1
piombino,2
camerino,1
faenza,3
latin,1
bentivogli,10
likely,1
arises,8
spark,1
mantua,1
marquess,1
discoursed,1
florentines,61
chase,1
number,9
brought,25
yielded,5
son's,1
however,3
pow'rs,1
cambrai,1
show,18
mistakes,1
matters,10
succeeded,11
me,33
door,5
cure,2
blame,7
weary,1
intervention,1
wilt,2
minority,1
desired,7
horseback,2
promulgated,1
natural,8
lombardy,17
elements,2
prologue,1
longest,1
possession,13
shock,1
lords,8
proceedings,1
valour,27
invariably,1
patron,6
enjoy,3
married,7
forever,2
insomuch,2
moreover,5
deferred,3
advantage,12
similar,7
absolutely,1
knew,15
replied,5
let,29
respected,5
committed,5
grow,2
beset,1
wise,26
evils,3
detected,1
fine,3
mounted,2
beginning,12
incurable,1
medicine,1
approach,2
alluded,1
lead,4
wait,6
milanese,2
neglecting,1
between,19
establish,3
lordship,1
philip,6
bracceschi,1
monsignor,1
increase,4
secured,3
similarly,2
merits,1
observed,12
feed,1
pressing,1
multitude,2
countries,4
business,3
manage,4
properly,3
remain,11
rally,2
missing,1
opportunities,4
athenians,3
states,31
respect,3
senator,1
moved,11
excess,1
discontented,4
introduced,1
footing,3
exchange,1
amity,1
revolt,3
taking,13
larger,2
austria,1
weaken,1
exterminated,6
powerful,21
entreats,1
partiundis,1
defender,1
infelicity,1
holds,2
colony,1
runs,2
useless,6
acquainted,2
consume,2
encouraged,5
saturate,1
shields,1
holy,2
spends,2
complained,1
kind,9
straight,1
everything,18
bears,2
insecure,3
crushed,4
treated,4
shore,2
remark,2
secure,29
hurt,3
argue,1
frenchmen,2
severino,2
establishing,2
german,4
costly,1
reliable,3
conclusion,6
tightly,1
courageous,2
language,5
quiet,7
injure,11
counsellors,1
borders,1
poor,8
houses,5
alexander,46
lands,2
arbitrament,1
egyptians,1
turned,20
edition,1
regni,1
offends,2
infantry,31
soldiery,11
cavalry,25
design,4
keys,1
mile,1
offer,7
guards,1
detriment,1
reaped,1
shut,1
sharp,2
utmost,7
statecraft,3
soderini,1
outside,8
attack,26
prompt,1
france,44
syracusan,2
judgments,1
d'amboise,1
sanguinary,1
pillaged,2
foreseen,3
gibe,1
thinks,2
consummating,1
heard,14
annibale,3
remedy,7
spring,1
removal,1
revenge,2
disorders,4
paid,1
damage,3
useful,7
notwithstanding,8
seeks,2
flavour,1
turk,10
sit,1
perugia,4
durable,3
helps,1
energy,5
routed,4
numantia,1
incessantly,1
body,11
guerdon,1
extinguished,3
reaches,2
letter,5
lord,18
mind,23
imitation,3
amongst,8
still,21
conquerors,2
centre,4
get,21
within,11
difference,4
already,16
insurrections,1
burgundy,1
standing,2
brittany,3
quietly,3
alberigo,2
preserving,3
intellect,2
self-'government,2
a,729
acquires,2
love,7
remains,7
precious,2
rank,4
moro,1
avenge,2
weakest,2
waiting,1
clear,5
factions,14
delinquents,1
fear,57
rebellious,1
separately,1
highly,4
cry,4
acquiring,7
willing,16
future,4
fogliani,3
up,52
task,3
lodovico's,1
citadel,1
june,4
ascends,2
party,16
run,4
truths,1
attacked,16
natives,1
caravaggio,2
goodwill,11
feeling,1
danaro,1
terrible,3
measures,7
ancor,1
complete,5
lukewarm,2
bondage,2
distrust,2
grandson,1
sense,1
humble,3
prepare,2
release,1
fancies,1
lie,1
seizing,5
endure,5
abates,1
appears,8
causes,11
accepted,4
common,9
follows,11
bring,20
worse,3
noticing,2
official,4
difficulty,22
constant,1
medicean,3
offered,3
insignificant,1
reigned,1
come,33
recorded,1
makes,6
gone,3
owner,1
chastity,1
chiefs,2
ills,1
reading,1
subjects,33
instance,4
called,24
forms,2
moses,6
massa,1
prophet,1
disadvantage,2
inherited,1
willingly,4
collectively,2
changes,8
pretence,1
danger,14
intimate,2
member,2
leaves,4
drilling,1
companion,1
dismantled,1
dastardy,1
princes,64
graces,1
memories,1
better,24
noticeable,1
band,2
duration,1
springs,1
expect,8
baglioni,2
fifty-'eighth,1
reasonable,6
riario,1
drawing,1
surprised,2
venetians,25
aspired,1
drive,10
inclines,1
venice,5
withstood,1
usurper,3
whenever,8
observation,2
average,2
guard,5
arise,9
address,1
cleverly,1
marriott,1
rebellion,7
invent,1
secret,6
summon,1
bond,1
prudently,1
god,20
turning,2
ancestors,1
indicated,1
virtues,5
resource,2
weightiness,1
urge,1
naples,19
established,10
continued,6
simplicity,2
commissioned,2
event,2
forty-'four,1
regions,1
unarmed,9
acceptable,3
burd's,1
sought,6
eyes,3
attain,5
backwards,1
friendship,5
metauro,2
extreme,3
considered,40
relies,1
afraid,4
cast,1
trust,6
stipend,1
corruption,1
right,5
religion,8
reader,2
foreseeing,1
spirit,5
races,3
labours,2
order,50
resides,1
pretext,4
empty,1
mountains,8
contemplate,2
preaches,1
below,2
place,19
pieve,1
landscapes,1
willingness,2
animosity,1
draw,4
lamentable,1
wickedness,5
stories,1
changeful,1
assists,1
meetings,1
nell,1
ix,3
either,74
college,3
dare,3
steps,3
dealing,2
shall,32
embellished,1
continual,2
consistent,2
were,194
learnt,3
piazza,1
obsolete,1
capable,6
seeing,19
defects,2
beaten,5
indication,1
volume,1
cardinal,10
driven,16
benignity,2
digested,1
send,12
diligence,2
cap,1
meantime,1
shows,3
incautious,1
burdening,1
occur,3
prolonged,1
omit,2
tournaments,1
reflected,2
antiquity,3
tell,5
dear,1
christian,1
chancery,1
devotion,3
fortifying,1
testimony,2
friar,1
nievole,4
attacks,4
diplomatic,1
worthy,5
usurpers,1
bacon,1
overthrown,5
stones,3
necessary,60
forte,1
constituted,2
sees,4
reasoned,2
admiration,1
fatigue,3
imitate,6
delight,3
impotence,1
solely,3
strive,3
recovery,1
nel,1
lorenzo's,1
prefects,1
perform,1
intorno,1
filled,3
treatise,1
firstly,6
canestrini,1
announces,1
wrong,2
g,1
celebrated,2
lettere,1
asked,10
through,37
quickly,16
polidori,1
description,4
inquirer,1
l,1
silvestri,1
additional,1
mandragola,1
encouragement,2
tertina,1
aldo,1
fully,1
exercises,5
fervent,1
gold,1
empoli,2
carnascialeschi,1
canti,1
minister,2
opened,3
opposition,2
dei,2
avail,4
ottave,1
florence,48
sinister,2
burden,1
storm,2
considerations,1
novel,1
maximilian,3
sheltered,1
fill,1
non,2
revered,4
worth,2
include,1
storici,1
december,5
esteemed,7
fiorentine,1
defect,3
else,15
istorie,1
league,3
excepted,2
citta,2
benefit,2
theme,1
chapter,53
stato,1
barbarity,2
guerra,1
asino,1
infamies,1
lingua,1
interval,1
confidence,3
terence,1
envoy,2
andria,1
guido,3
enters,1
vols,4
speakers,1
complicity,2
turn,15
direct,3
alemagna,1
heliogabalus,2
greed,2
dell,2
battlefield,1
weapons,1
districts,2
ammazzare,2
dialogue,1
moderately,1
duca,2
spaniard,1
gascony,1
dal,3
liberator,1
adventures,1
realize,1
opposed,2
ambition,8
fermo,10
differently,1
valdichiana,1
popoli,1
consider,23
embroidered,1
discorso,3
principal,3
list,1
coldly,1
wished,15
reserves,1
roughness,1
cooled,1
untie,1
binding,1
asperity,1
unstable,2
absolute,3
champion,1
tried,2
cities,15
unwillingly,1
relations,5
protest,1
achaeans,6
caesar,6
inferno,1
formerly,5
attacking,2
foreigners,8
soldiers,54
entertained,3
saying,11
meant,1
ten,11
after,51
entertain,3
diligently,1
elizabethan,1
clemency,4
weaker,3
towards,18
harbour,1
legate,4
roman,16
fair,3
nefarious,1
spaniards,6
november,2
examples,16
later,5
intrattenere,2
dispatched,1
conquest,1
sible,1
years,24
simple,3
suggests,1
inferior,3
submitted,1
distinction,1
other,133
ministers,2
modo,3
fought,6
spoke,3
knowledge,10
hears,1
signify,1
nearly,1
comparatively,1
punished,1
translation,2
hesitate,5
englishman,2
assignable,1
johanna,2
defenders,1
definiendis,1
subordinated,1
rebus,1
inconstant,1
possible,9
communicate,1
times,34
down,21
unquam,1
vigorous,2
cringed,1
fuit,1
feasts,2
clizia,1
eo,1
magione,3
cloak,3
serious,2
nobly,2
frescobaldi,1
living,4
corrupting,1
manner,5
cheated,1
five,13
maintain,11
acuteness,2
substance,1
placed,7
giuliano,7
lofty,3
word,13
permission,3
wrote,4
phrasemonger,1
le,2
accumulate,1
cloud,1
expression,1
changed,4
paraphrase,1
full,10
exact,2
divers,1
translating,1
eight,3
relationship,2
deals,1
sources,1
native,1
corrupter,1
covetous,1
merely,1
timid,2
hidden,1
to,2035
implying,1
account,10
proved,4
value,4
abiding,1
author's,1
insight,2
firebrand,1
covered,2
accustoms,1
promoted,1
live,18
weigh,3
life-'work,1
collection,1
vision,1
otherwise,15
christendom,1
rapacity,2
free,10
politics,2
victories,2
managed,3
mental,1
magistracy,1
sixth,5
milanesi,1
objections,1
refused,2
regaining,1
attributed,5
abilities,8
like,20
provinces,3
knife,3
ravaging,1
bologna,13
suffer,1
etc,4
noting,1
offers,3
circumvent,1
having,110
argument,1
d,1
authorities,1
high,9
incontrovertible,1
vary,1
rallying,1
inspiring,1
understood,1
environment,1
fight,16
prose,2
hallowed,2
assured,2
wars,6
dejected,1
drew,7
mourning,1
lombardian,1
leadership,1
elucidates,1
reiterates,1
weakening,1
plane,1
dangerous,11
citizen,7
conquering,2
magnificent,2
hill,6
unhappily,1
interesting,4
least,6
overheated,1
embellish,1
flowers,1
refers,1
bernardi,1
happen,7
thought,13
crimes,1
hear,3
embroil,1
pull,2
courses,4
despised,11
adopted,3
safe,5
republics,8
perfectly,3
killing,3
landriani,1
losses,1
suspects,1
invaded,2
eating,2
blush,1
agathocles,7
bare,1
saul,2
preserve,3
unite,5
principe,4
eastern,2
troubles,9
mother,2
consideration,6
higher,6
ordinances,5
estimate,1
usual,6
lodovico,3
indulgence,2
raised,17
leaving,6
where,41
tuscany,14
result,3
incidents,1
rear,3
sank,1
satisfactorily,1
historical,2
falls,3
reluctance,1
forces,34
recur,1
thirteen,1
lesser,3
appearing,6
different,6
interpret,1
offend,8
medals,1
relied,5
ascent,2
expulsion,2
station,5
said,55
rima,2
physicians,1
ethics,1
doubly,1
evidences,2
eternal,1
truth,10
problems,2
secretly,1
barren,1
applied,1
risen,5
forced,13
light,3
now,32
employ,3
d'orco,2
compromising,1
discriminating,1
canneschi,2
annexed,5
owed,4
flank,1
officials,2
slow,3
passage,4
centuries,2
blindfolded,1
talent,1
connection,2
taddeo,4
troop,2
constructed,1
fano,5
lives,5
edifying,1
ruin,23
dared,1
tired,1
day,15
security,12
ii,9
time-'serving,1
looked,1
friendly,13
everybody,6
elevation,2
astonished,2
researches,1
failed,2
length,7
controlled,1
results,3
allied,3
her,38
estate,6
dissolution,2
moderated,1
this,318
misled,1
advisable,2
speak,16
adornments,1
the,2948
employments,1
success,7
retired,1
bolognese,1
occurred,4
preserved,5
dissembler,2
compelled,19
author,1
defending,1
enforced,2
gift,3
scali,2
gives,2
undoubtedly,1
begun,2
feet,1
even,11
priests,1
looks,3
equally,1
choosing,4
men's,2
confer,3
impressed,1
memory,11
long,41
inquire,2
ugucionne,1
rota,1
unholy,1
keeps,3
kindnesses,1
xi,4
shape,2
cenotaph,1
fled,5
woman-'like,1
bones,1
books,3
character,16
rest,16
insisting,1
wood,1
lancers,2
inquiries,1
whereupon,7
resorted,1
risk,2
thick,1
literary,4
due,3
disadvantageous,1
infer,1
necessity,11
reasonably,1
impinge,1
provisione,1
presented,2
penalty,1
persuasion,1
thee,16
shakespeare's,1
feared,14
unrestrained,1
formed,5
cautious,6
resembled,1
valentino,11
imprisoned,2
desirable,2
lanfranchi,2
standstill,1
wound,2
moderate,1
spittle,1
astuteness,1
guide,2
name,11
earned,1
signification,1
thirty-'one,1
soft,2
evil,12
twelfth,1
world-'wide,1
renaissance,1
vii,6
sopra,4
nations,3
lavenza,1
sons,6
exasperated,1
directed,3
famous,5
anything,18
ascendancy,1
old,27
side,21
title,7
correctly,1
signs,1
paragraph,1
executions,1
bartolommea,1
sometimes,5
localities,1
enriching,2
unguarded,1
another,40
santa,2
trifle,1
lambertuccio,1
advice,4
pitt,1
belfagor,1
theories,1
hannibal,1
disposed,4
favoured,3
foundations,13
da,18
taken,32
defy,1
modern,7
jeanne,1
watch,3
win,9
former,17
valleys,2
possessions,4
prima,1
single,2
reorganize,1
desperate,1
play,3
running,2
catherine,2
hastened,1
accompanied,4
gracchi,1
finding,6
banished,2
stubborn,2
parricide,1
owing,15
yoke,1
deca,1
joannes,1
malcontents,4
city,38
merchants,2
threw,3
she,34
master,15
stuffed,1
sack,3
prisoner,4
commencement,2
presumption,1
consummate,1
link,1
destroyed,14
commands,1
pavia,3
commotion,1
strengthen,2
weight,2
attention,5
hand,23
slight,4
meanwhile,3
unless,18
debatable,1
wishes,10
che,1
ship,1
declaring,1
counsels,3
philosopher,2
fade,1
whale,2
production,1
services,2
ambiguous,1
society,2
returned,8
honours,4
re-'entry,1
remarkable,5
hectic,2
wisdom,10
incited,1
difficulties,28
fatherland,2
canst,1
comes,12
predominancy,1
seasoning,1
held,27
open,13
holding,6
hesitated,1
answer,6
served,1
settle,3
recourse,6
date,2
gia,2
orsini,31
armaments,1
hence,13
needs,2
boast,1
style,1
hardship,1
libro,1
immediate,2
decennale,2
provoked,1
pensieri,1
consulted,3
finished,3
richest,1
citizens,28
concessions,1
distance,2
opponents,2
granted,2
skilful,1
opinions,4
rulers,4
lo,1
genoa,4
popular,6
alarmed,3
lifetime,1
look,8
trade,3
livius,1
mentioned,7
decade,1
quartered,1
got,6
carlo,5
nature,16
husbands,2
cambiagi,1
world,10
killed,24
assist,9
puccinello,1
shortest,1
faithful,14
xxi,2
others,94
portico,1
break,1
meets,1
situation,2
maintained,8
always,81
recent,7
none,14
worst,1
both,53
thus,59
representative,1
never,68
desire,14
achieve,1
overawed,1
thing,13
disputable,1
remaining,2
castruccio,137
gli,2
text,2
commenting,1
published,3
commission,2
reasons,22
plagiarized,1
blow,3
centaur,1
unity,2
influenced,2
read,7
mercy,6
decree,1
luxuries,1
ability,25
person,19
them,334
fidelity,9
helpless,1
influences,1
reached,17
scale,1
unworthy,1
francesco,28
am,11
arrival,2
attaining,1
proprium,1
repute,3
composite,2
freer,1
vicissitudes,1
standard,1
expanded,1
polishing,1
condottieri,1
equal,1
discourse,4
credit,4
x,5
malignity,2
governor,9
somewhat,3
discourses,3
stated,5
corrispondenze,1
loved,15
conversation,1
filippo,4
achieved,1
dedicate,1
bartolomeo,2
virtuous,1
on,193
arte,3
bodily,2
ever,18
anticipating,1
devised,1
any,92
mall,1
resort,2
meditation,1
raise,4
work,17
effect,10
activities,1
trained,1
distrusted,6
select,2
horses,6
artistic,1
composed,5
noted,5
injury,3
affair,2
inducement,1
innovator,1
assumed,2
wielded,1
pithy,1
unfruitful,1
deprived,5
obeyed,1
retained,3
papacy,1
country,43
syracusans,2
says,3
chastised,2
learning,4
doth,1
administrator,1
i,220
reproached,2
nephews,1
dante,1
leading,5
crossing,2
cenami,1
unaspiring,1
possessed,4
contemporaries,2
terrify,3
poems,1
florentine,19
poverty,4
dura,1
hero,1
weariness,1
does,42
just,11
zerezzanello,1
borgia,12
nor,66
feel,3
poggio,3
theatre,1
hours,1
malady,2
act,9
understanding,3
endless,5
gravina,6
book,3
quarters,9
hindered,2
my,35
wicked,4
temporal,6
potentates,3
off,14
confirmed,1
fame,5
resources,4
nevertheless,31
village,1
conceived,2
drawn,5
his,642
vitellozzo,13
go,16
rising,3
obliged,4
interest,2
idled,1
lost,27
evening,1
family,23
find,32
cruel,7
d'este,1
festivals,1
impossible,11
occupations,1
war,44
dealt,2
pernicious,1
question,8
delighting,1
deceived,9
acted,2
discretion,5
denouncing,1
pope,46
lines,1
wish,39
abortive,1
dominions,7
might,36
engaged,4
personally,4
trattare,1
terza,2
though,5
done,25
mine,1
wishing,18
dated,2
flamininus,1
seen,40
barbarians,2
low,3
alike,2
imagined,2
lay,7
deity,1
neglected,3
swiss,3
battle,18
fell,6
hung,1
short,16
agree,2
tumults,5
apparent,2
dictated,1
air,1
power,42
modestly,1
shortly,3
also,57
wonder,3
broke,1
inextricably,1
less,27
belongs,5
attributes,1
devoted,4
seventeenth,1
yield,10
won,4
witness,4
end,19
chances,3
nearer,1
swelling,1
meanness,5
venetian,1
excuse,6
expected,6
powers,13
serving,2
leo,5
carrara,1
consuming,1
unknown,3
appropriate,2
schemes,2
ed,5
abandonment,1
becomingly,1
vi,8
orders,6
understands,2
suffered,4
vettori,3
ignoring,1
prelates,1
who,364
force,17
grace,2
whom,72
obtain,5
loss,7
september,2
went,20
gluttonous,1
hold,49
exiled,6
intending,3
failures,1
conspiracy,9
partition,2
iv,2
allowed,10
secretaries,2
signor,4
whoever,7
redressed,1
listening,1
castles,2
left,28
canal,1
presentation,1
gathered,2
trouble,17
laps,1
knowing,10
daughter,5
machiavelli's,12
generally,6
downwards,1
accomplished,5
some,71
unto,1
parting,1
attentions,1
hardships,4
forward,13
been,162
enabled,4
inwardly,1
cut,4
which,349
eventualities,1
several,5
boscoli,1
exercised,2
qualifications,1
tenuto,2
enemies,23
lovingly,1
false,2
requisite,1
patrimony,2
infinite,6
our,31
round,4
germany,4
adverse,1
fourteen,2
each,21
ride,1
see,26
leave,21
illustrate,3
prepared,9
fulfilment,1
unsuccessful,1
able,54
catherina,2
secretive,2
prevail,2
friendships,3
joined,4
consists,2
sergeants,1
ranks,3
issue,4
recollection,1
men,162
without,71
peace,16
bold,5
aspire,3
honest,6
excellent,7
enter,4
castellan,3
augmenting,1
led,6
members,5
impetuous,3
seated,2
ribellati,1
personages,3
advantageous,8
aragon,6
th,10
suspicion,3
easier,3
of,1695
soon,17
meet,6
received,14
visors,1
hiero,3
should,135
demand,3
mr,5
chancellor,1
pistoian,1
murderer,3
guarding,1
julius,16
threatenings,1
discussion,4
territories,2
vitality,1
middle,2
xiii,2
thirst,1
deeming,3
viii,6
skill,5
because,169
expectations,1
peasant-'clothes,1
token,1
savonarola's,1
thoughts,1
downfall,1
true,12
stand,16
sicilian,2
peoples,2
putting,3
tortured,1
vice,2
befall,1
leads,6
armies,16
there,127
saw,16
haunted,1
return,10
election,4
piece,1
preserves,1
government,22
embassies,2
tommaso,1
favour,23
employs,1
easy,13
lion,6
pius,1
deeds,11
fatality,1
homage,1
deliberately,3
aid,14
rewards,2
aim,5
gratitude,2
so,213
nelli,1
kingdoms,3
italy,60
xii,7
type,2
patient,2
extraordinary,7
lessen,1
flatterers,5
pontiff,5
added,5
carry,6
ways,21
demonstrate,1
auspices,1
monarchy,1
sides,4
teacher,1
believe,14
man,81
lodgings,1
closed,1
safest,1
supporters,2
great,89
ruined,14
begets,1
discuss,14
construction,1
stefano,7
unbelieving,1
prudent,8
connected,1
recapitulation,1
we,21
earthen,1
contro,3
rose,5
sint,1
course,22
alvisi,1
pisan,2
dressed,1
principles,3
amount,2
him,417
dress,2
occasion,1
masters,5
insufficiency,1
doubt,6
satisfy,7
rome,33
dignified,1
charles,16
every,59
takes,5
indicate,1
montecarlo,7
critics,1
acclaimed,1
pattern,1
single-'handed,1
precepts,2
d'oro,1
idleness,1
assassinations,1
preceptor,1
property,11
public,5
dirt,1
severus,9
give,27
seemed,5
palavicini,1
injuries,7
inasmuch,7
sick,1
briefly,2
excesses,1
cite,2
tribe,1
arbiter,3
hesitates,1
large,7
downright,1
balanced,1
food,2
frequent,1
fanfani,1
romulus,3
painted,1
cesare,17
kept,28
intention,4
ought,95
ambitions,7
boys,2
largely,1
jousts,1
perils,3
entered,10
written,9
punishing,1
appreciative,1
share,3
hands,23
gave,20
castracani,6
imposing,1
away,22
particulars,1
fact,6
xvii,2
promises,5
vital,1
put,25
successor,3
community,2
decrees,1
streets,2
squandering,1
envied,1
partisans,5
fisherman,1
myself,8
refer,1
entrance,1
condition,3
conceals,1
despoiled,3
made,62
diminished,2
cause,21
immense,4
limbs,1
buildings,1
drove,4
posture,1
summarized,1
livio,1
happens,11
agrees,1
horsemen,15
recognized,5
religious,3
much,73
reside,4
found,47
rovere,2
firm,5
unheard,1
errors,4
legitimate,1
capital,2
induces,1
histories,3
wrested,2
period,4
terms,4
dread,4
reality,2
works,10
matter,10
principle,2
have,387
follow,18
really,3
become,36
nobody,1
de,9
original,1
delivered,1
far,16
observe,6
encampments,1
robberies,1
support,10
followed,13
moral,3
riches,3
africa,4
editions,2
banks,5
fate,3
guelphs,7
deceives,1
although,47
forli,5
into,79
afterwards,40
wisest,1
lady,2
concerned,3
one's,8
rules,13
sforza,18
writes,5
consequently,1
care,15
fort,2
reason,31
rimini,2
first,62
costs,1
supplies,2
imitated,4
securely,6
sparta,2
fundamental,1
chalk,4
during,16
liberality,17
lower,4
hellespont,1
xxiii,2
maintaining,4
court,4
foliage,1
bridle,1
hundred,20
loyalty,3
provision,3
transactions,2
these,105
lawyer,1
demanded,1
violator,1
gain,18
constitutes,1
kingdom,32
records,1
conquers,4
part,21
exterminating,1
coryphaeus,1
literal,1
della,10
save,5
brevity,1
declare,4
since,8
sunrise,1
pleases,1
was,379
scanty,1
private,19
themes,1
appointed,7
forget,7
french,18
offices,1
depicted,1
repay,1
gentleman,4
clans,1
easily,18
refuse,3
periods,2
life,29
capitano,1
importance,4
too,16
help,17
adroitly,1
concerning,44
yourself,10
certain,9
sixteenth,1
suffering,2
one-'half,1
acknowledged,3
xxii,2
eat,3
hoping,3
disceptationem,1
expense,3
bianca,2
please,5
comprehends,2
therefore,92
credited,2
honour,11
attachment,1
crushing,1
attempts,1
detect,2
pains,1
take,56
prison,4
acquire,5
characters,4
will,198
fault,2
sienese,1
time,95
baby,1
undertaken,2
continues,1
boundless,1
ill,2
writing,3
passing,4
make,70
avoided,9
reconciled,2
hope,14
age,5
ground,4
radici,1
rely,12
whole,18
grant,1
ancient,12
arno,6
assures,1
if,169
news,6
no,104
ago,1
health,4
beg,1
iii,6
entering,4
lad,1
truly,2
very,49
destroy,6
prospering,1
alone,12
escaped,4
victorious,2
successes,1
translated,3
sermon,1
you,172
monarch's,1
statesmen,2
whereas,7
pleasure,3
principalities,36
your,45
greatest,14
tremendous,1
conspirators,1
servants,7
cowardice,4
signal,4
armed,24
hatred,19
king,69
uses,2
in,939
sway,1
till,1
gherardesca,2
occupied,12
had,293
depart,2
fortunes,6
dissensions,1
its,57
squares,1
stately,1
copiously,1
theirs,2
murdering,2
nello,1
parents,1
wit,3
submit,3
nardo,1
f,4
shifts,1
real,5
illness,2
continuing,1
women,5
street,2
elect,1
savour,1
votum,2
la,3
experiment,1
miserable,1
but,284
money,9
hated,22
noteworthy,2
spent,3
scolari,1
district,2
splendour-'loving,1
heir,2
peaceable,1
six,2
amusing,2
complicated,1
instruction,2
arising,2
to-'day,6
fourthly,1
respectfully,1
itself,8
pardon,2
days,10
italian,15
passed,12
recall,7
post,1
plain,5
reads,1
signoria,1
torture,1
midnight,2
among,31
col,1
foreign,5
conspired,7
entirely,29
lastra,1
upset,1
correspondence,2
treatment,1
xvi,2
carried,5
record,1
excisions,1
dedicates,1
intolerable,2
boasting,1
et,2
smallest,1
appeared,15
principality,30
faithlessness,1
rule,16
defences,2
arms,65
eminent,1
fighting,9
displaying,1
unhistorical,1
daily,6
conduct,15
died,38
louis,18
vitellozo,1
pisa,36
palace,2
urged,5
readily,3
many,102
upon,56
that,732
focused,1
shade,1
savonarola,2
biting,1
k,1
extricating,2
counteract,1
incredulity,1
unlike,2
summit,3
laid,15
action,11
currents,1
repudiated,1
places,10
scarcity,1
ritratti,2
govern,7
uproar,1
l'antico,1
sir,2
perfect,1
laws,16
rival,1
enlisted,2
subject,20
disguise,1
until,16
successful,10
mighty,1
permit,4
verse,1
people,112
office,8
reformed,1
severity,1
need,19
known,15
neighbours,7
forbearance,1
using,4
certainly,1
all-'powerful,1
behoved,1
well,55
despairing,1
sent,41
listen,4
outraged,1
empire,22
facile,1
proverb,2
brave,1
successors,4
hearing,1
with,450
motives,3
observing,3
highest,2
concerns,4
contents,1
observes,2
lucrezia,1
than,125
dupes,1
increasing,4
pensioner,1
english,4
beginnings,1
croce,2
study,13
outrageous,1
choice,6
captain,13
exceptional,1
divided,10
fiery,1
believes,2
activity,1
dukes,1
mere,2
furnish,1
vitelleschi,1
beatrice,1
frammenti,1
feud,1
martial,1
tosa,1
arrange,1
decreed,2
fortune,64
grew,4
prudence,7
deviate,1
staley,1
ultimately,1
lasted,3
participators,1
bergamo,2
mercenaries,16
t,7
vita,1
ruled,11
portcullis,1
inganni,1
wholly,2
dismissal,1
gaming,1
encounter,2
prosper,1
opinion,11
bad,16
service,5
affairs,40
taro,2
career,6
hazardous,2
chiefly,5
same,19
sinigalia,21
following,13
eagerness,1
arranged,3
st,3
w,1
era,1
acts,3
deterred,1
spartans,4
redemption,2
for,418
barriers,3
guidance,1
siege,4
rashness,1
classici,1
concurrent,1
judge,1
del,5
concludes,2
history,9
expecting,2
hostile,19
dust,1
enough,15
romans,19
singularly,1
frequently,2
doctrine,1
difficult,15
fluent,1
towers,1
societies,2
sad,1
rendering,1
bavaria,1
dispatches,1
pikes,1
contemporary,2
al,1
exclaims,1
filling,1
mouth,2
nobility,3
recurs,1
nobles,25
fever,3
inexperienced,1
sins,4
decline,3
magnificence,7
council,3
cannot,63
italia,1
exile,1
sparing,2
whatever,5
present,20
keep,49
here,17
poem,2
nation,1
bernardo,1
vitelli,20
friends,42
space,3
rouen,6
ones,14
san,18
write,5
how,79
canzoni,1
seem,2
shortness,2
point,9
midst,3
cross,3
monument,1
harsh,2
galeazzo,1
bodyguard,1
weeks,2
courts,3
european,3
commencing,2
affections,1
singly,1
music,1
various,6
blamed,7
inhuman,1
sincere,1
sommario,1
missions,1
xviii,2
procured,2
avoids,1
distinct,2
ad,6
acuto,2
or,203
enterprise,10
longer,17
may,96
command,11
son,25
rd,2
whither,1
early,3
neglect,3
beasts,2
second,20
di,27
noblemen,2
conclude,2
dismissed,1
speaking,7
allowing,3
lace,1
humanity,4
originate,1
pagolo,27
builds,3
confusion,2
phrase,2
nd,3
concurrently,1
discussing,3
servitude,1
when,187
niger,3
necromancer,1
yet,46
bearing,3
pursue,2
prey,1
duke,90
it,571
liberate,2
avenged,1
an,89
recount,1
expenses,3
arcidiavolo,1
build,3
xiv,2
included,2
bestrewn,1
absorbed,1
stripped,1
numerous,2
clement,3
art,10
withstand,5
attract,1
alberico,1
means,21
failure,1
grave,4
father,18
can,101
rebel,4
priesthood,1
respects,1
flocked,1
syracuse,5
ruining,1
maxims,1
discorsi,1
himself,127
often,19
strongly,2
furnished,1
example,18
state,80
felicity,1
fortresses,17
squadrons,1
xix,2
came,37
landing,1
fire,1
jacopo,6
customs,4
say,36
murdered,5
obtains,1
accustomed,20
remembering,1
beheld,1
reward,1
greece,13
letters,3
foothold,2
narrowness,1
speaks,1
piero,4
xxv,2
greatness,17
accept,2
described,2
then,49
overlook,1
such,104
wearisome,1
sufficient,15
il,9
allow,6
yours,6
ill-'treatment,1
almost,7
praised,6
spartan,1
fellow-'citizens,2
as,322
new,74
they,439
pesaro,1
garrison,3
wearied,1
statesman,2
persisted,1
baths,1
whilst,42
whether,19
contend,1
founded,5
youth,10
framed,2
senate,10
protected,2
kinds,7
determined,4
acquired,32
receive,6
above,47
courtesy,1
exhorting,1
lighter,1
,9044
nursed,1
hawkwood,1
oliverotto,23
deceive,6
composition,1
annoyances,1
and,1882
consisting,1
scattered,5
freedom,5
attach,2
red,1
attained,3
philistine,1
practise,2
aliens,1
political,3
emperor,16
urbino,10
auxiliaries,12
pay,4
punish,3
rather,21
cose,4
conflict,1
death,36
rises,2
loving,1
leader,3
weakness,3
mentioning,1
followers,2
their,266
compliance,1
be,456
is,413
swords,1
pointed,2
pest,1
occasional,1
qualities,9
all,172
gained,11
tribute,2
few,33
republic,13
ruling,2
antiochus,5
persuasions,1
lose,14
ferrara,6
conspiracies,4
wrongs,3
ecclesiastical,4
pescia,3
e,7
naturally,3
comedy,3
constitution,2
at,196
normandy,1
assistance,20
by,491
behind,2
policy,3
titus,2
agencies,1
united,8
pondering,1
obtained,11
herself,2
authority,22
avoid,21
asserting,1
did,82
introduction,4
rounded,1
execution,2
aware,2
altered,1
flourished,1
could,73
little,36
hereditary,11
dispensed,1
displease,1
promise,3
n,1
revolutions,1
resting,1
fossombrone,1
regain,1
recognizing,4
repeated,2
alla,2
orphan,1
regained,3
catholic,2
hurtful,3
released,2
familiari,1
honouring,2
blacksmith,1
macedonia,2
vainly,1
uncle,1
humbling,1
adapted,2
pietro,3
lorenzo,6
wanting,4
dearer,1
portions,1
remedies,1
cask,1
mediator,1
engagements,1
perilous,1
reference,1
advantages,1
restore,3
foot,6
destruction,4
combination,1
girolamo,2
four,14
secondo,1
inhabitants,2
secretary,4
ready,13
ridolfi,1
carthage,1
liberty,10
sprang,2
strength,15
meaning,4
three,10
hopes,2
excessive,2
reveals,1
situated,2
vain,2
influence,4
sudden,1
fast,2
form,9
renown,8
quantities,1
quite,10
penny,1
certainty,1
dedication,2
profit,2
endeavour,5
caring,1
over,23
what,72
clearer,1
why,9
erred,1
xx,2
redeemed,1
are,283
cruelties,5
appear,17
cowardly,3
xxiv,2
ladislao,1
overturn,1
fifteen,3
fed,1
enrolled,1
arbiters,1
welcome,2
governments,4
l'arme,1
void,1
once,35
head,14
province,3
nicolo,12
only,93
relate,1
spanish,3
methods,14
writers,3
borgia's,1
neglects,1
tax,2
further,14
figuratively,1
machiavelli,52
literature,3
