bolted,1
stepladder,1
sup,1
significant,1
shrewdly,1
beer-'mug,2
event,1
beer,2
listener,1
acting,1
companionship,1
embowered,1
yellowing,1
clustered,1
ruby,1
flaming,1
tumbling,1
taller,2
race,2
dashing,1
meeting,3
sheet,1
heaven's,2
smothered,1
exclamations,1
forsaken,1
lawn,4
encircled,1
remote,1
shrinking,1
warming,1
homecoming,1
chuckles,1
amid,1
grins,2
likable,1
red-'cheeked,1
bodies,1
curtsies,2
eight,3
fatally,1
deeply,1
passes,1
whirled,1
recall,1
furies,1
vicious,1
misery,1
supplied,1
deformed,1
madman,1
drifted,1
memories,1
obedient,1
directed,1
salver,1
roam,1
choose,1
soundly,1
awaken,1
lilias,3
clearer,1
sweeter,1
archie,5
lapping,1
stealing,1
water's,1
bowered,1
marvel,1
shrank,1
startlingly,1
tramped,1
verdure,1
como,1
burden,1
half-'hours,1
trooping,1
undiscovered,1
released,1
stagnant,1
forget-'me-'nots,1
sunlit,1
flick,1
laughter,5
luscious,1
forcing,1
merrily,1
moss,2
tyrol,1
quietest,1
europe,1
registers,1
detail,1
crime,1
poisoned,1
traveled,2
rift,1
refused,2
gentians,1
sheets,1
lakes,1
valleys,1
fiords,1
far-'away,1
determinedly,1
discouraged,1
flood,1
detestation,1
weakness,1
astounding,1
century,5
bewildered,1
return,2
craven'll,1
increasing,1
mattered,1
worlds,2
france,1
feared,1
pay,1
accident,1
fou,1
blush,1
lisabeth,1
drinkin,1
eatin,1
bandy,1
stockin,1
drumsticks,1
lad's,2
awkwardly,1
sweep,1
shyness,1
halfway,1
pulses,1
intruder,1
unexpectedly,1
dappling,1
drifting,1
attracting,1
leathery,1
observed,1
vigor,1
joined,1
third,1
amen,2
holy,1
host,1
ye,2
flow,2
blessings,2
praise,5
half-'resentful,1
instinct,1
unaffected,1
all-'perceiving,1
doxology,5
widened,1
glowed,1
thrust,1
scales,1
calves,1
impressed,1
affection,1
devouring,1
morning's,1
abiding,1
fixedly,1
loomis,1
weird,3
pilgrimage,1
boudoir,1
obedience,1
galleries,1
entertaining,2
setting,1
wasted,1
develop,1
beings,1
nature,1
fluently,1
indulgently,1
sovereign,1
cleverer,1
derived,1
parents,1
source,1
cats,2
pounce,2
unaccustomed,1
disturbing,1
feathered,1
intelligent,1
frenchman,1
distinct,1
half-'insane,1
accordingly,1
act,2
terrible,2
miracles,1
bloomed,2
repress,1
violently,1
amazingly,1
confirmed,2
imitation,1
hollows,1
colins,1
health,1
graves,1
pudding,1
sauce,1
fowl,1
mouthful,1
jackets,1
bursting,1
nourishment,1
persuaded,1
frothed,1
richly,1
brim,1
bounties,1
results,1
widening,1
exercises,5
series,1
imitated,1
axed,1
scotland,1
hammer,1
bob,5
cow,1
absence,2
intervals,2
thickening,1
provided,1
deliciously,1
woodland,1
luxury,1
previously,1
provide,1
unusual,2
draughts,1
grandeur,1
extremely,2
grateful,2
riot,1
lift,1
napkin,1
rosebush,1
enjoying,1
muffin,1
pantry,1
condition,1
polished,2
odors,1
blossom-'time,1
ham,2
sizzling,1
slices,2
breakfasted,1
home-'made,1
unfortunately,1
regretfully,1
moisture,1
dated,1
irritate,1
excites,1
abnormal,1
batteries,1
extraordinarily,1
mentioned,2
writing,2
disappoint,1
improvement,1
discouraging,1
agree,1
annoyance,1
wolves,1
orderin,1
heart-'breaking,1
polish,1
hunger,1
buns,7
pail,2
mornin's,1
picture-'gallery,2
cloak,4
revelation,1
pair'll,1
laughin's,1
complains,1
groans,1
frets,1
john,4
temples,1
theirselves,2
enjoyin,3
pair's,1
tricks,1
plan,2
practise,2
swallowed,1
guessin,1
entertained,1
effort,1
waxy,1
bone,1
savin,2
nice-'looking,1
combined,1
domain,1
drama,1
final,1
suppressed,1
reveal,2
deadness,1
haze,1
treated,1
occupation,1
drink,3
crevice,1
ferns,1
sunlight,2
foxglove,1
lecturer,1
pansies,1
pinks,1
sweet-'scented,1
spare,1
saved,1
flavor,1
else's,1
potatoes,5
planting,1
twilight,3
chap's,1
fading,1
gaining,3
snubbed,1
discoverer,2
disrespectful,1
belt,1
boxin,1
athlete,4
weak-'backed,1
hatred,1
unhealthy,1
miseries,1
darkest,1
sons,1
son,2
tending,1
imagining,1
stimulated,1
battle,1
languidly,1
uplifting,2
support,1
hobble,1
stubborn,1
gloating,1
unfriendly,1
straightening,1
collection,2
mingled,1
entranced,2
crossed,2
chant,2
back'ard,1
swayin,1
dervishes,1
priest,2
settling,1
signal,1
charmer's,2
assist,1
gratified,1
raining,1
rajah's,1
agen,2
ordinarily,1
circle,3
temple,2
devotees,1
recollections,1
speriment,1
sinetifik,1
hint,1
fettleworth,1
bess,1
admiration,1
disgraceful,1
drunk,2
lion,1
summat,1
drunken,1
jem,3
succeeds,1
drill,1
pushes,1
orator,1
steam,1
hearty,2
electricity,1
eleven,1
phrases,1
promptly,1
scientific,15
sailor,1
reply,1
voyages,1
boyhood,1
concealed,1
beautifully,1
constantly,2
beetles,1
ants,1
disdain,1
discoveries,6
long-'nailed,1
scraps,1
carrying,1
insect,1
acquaintance,1
unsheath,1
wreathing,1
defying,1
score,1
breeze,1
tints,1
satiny,1
columbines,1
delphiniums,1
tint,1
crevices,1
radiant,1
prejudice,1
undisturbedly,1
calmly,1
naturally,1
discovery,3
popular,1
desert,1
peculiarities,1
explore,3
wise,3
cherry-'tree,1
firm,2
greenhouse,1
deepened,1
digger,1
extreme,1
how'd,1
leein,1
trowelfuls,1
persevered,1
scratch,1
obstinacy,1
grumpy,1
main,2
favor,1
humps,2
mixture,1
exultation,1
decision,1
brayin,1
half-'witted,3
emotion,1
thinness,1
testily,2
supported,2
flush,1
descended,1
obediently,1
rush,1
actin,5
straighter,4
falter,1
wraith,1
lath,1
tells,1
flung,2
tossed,1
disentangle,1
weather-'wrinkled,1
coverings,1
power,2
luncheon,1
insulted,2
vaguely,1
lectures,3
flap,1
endure,1
existence,1
accused,1
tactless,1
gaze,2
shouting,3
furiously,1
bolt,1
gnarled,1
extended,2
presence,1
robes,1
wheel,3
imperiously,2
spellbound,1
powerful,1
jaw,2
badness,1
outraged,1
drat,1
hadna,1
potato,1
pokin,1
allus,4
besom,1
buttermilk-'faced,1
thowt,2
energetic,1
fist,4
pierce,1
glaring,1
excitedly,3
startling,1
stills,1
renewed,1
thine,1
flushed,9
afore,3
repacked,1
tea-'basket,1
lances,2
mellow,2
whisked,1
activity,1
crumbs,1
investigating,1
inquire,1
atrophied,2
errands,2
domestic,1
delightfully,1
crumpets,1
basket,3
wax,1
beaten,1
believer,1
maybe,1
comforted,2
newcomer,1
greenness,2
flash,1
brief,3
law,1
droppin,1
sweat,1
rocked,1
chaps,1
squawks,1
himsel,1
weeding,5
suggestive,1
worms,1
for'ard,2
swim,1
hatches,1
shown,3
queen,1
hatched,1
cross-'legged,3
uplifted,2
feather,2
blossoming,1
apple-'trees,1
flowering,1
canopy,7
musical,1
carefulness,1
graidelest,1
twinkled,1
ere,4
afternoons,1
radiantly,1
perfect,1
outbreak,2
someone's,1
tries,1
sunset,1
protecting,1
unchanging,1
snubbing,1
marvelous,1
watches,1
throws,1
touch,2
tallest,2
succeeded,2
fluttering,1
lilac,1
curiousness,2
thrill,1
mere,4
planned,4
wound,1
openin,1
giggled,3
confessed,2
chase,1
disappeared,2
wheeled,9
suggest,1
firmness,1
inspect,1
laughable,2
pipes,2
garlands,2
music,3
procession,4
saucers,1
lunch,3
stays,1
trample,1
consort,1
impolitely,1
remarked,1
orchards,2
instructions,1
disagree,1
nibbling,1
attentively,1
giving,2
undignified,1
escaped,1
thankful,2
bottom,1
palace,1
snore,1
leniently,1
menagerie,1
duties,4
terrace,1
fanciful,1
tray,2
shapin,1
uncanny,1
dozen,1
outsider,2
apartment,1
notwithstanding,1
apartments,1
generals,1
march,2
elaborately,1
rational,1
bedding-'out,1
route,2
charms,3
mystery,3
ivied,4
chair-'carriage,1
secrecy,1
transported,1
preparations,1
improved,1
absorbing,1
various,1
underworld,1
anxiety,3
field-'mice,1
streams,1
threatened,1
complainin,2
snapdragon,1
written,5
couldna,5
preference,1
explored,1
excursions,1
scenery,1
remarks,2
searchin,1
bleatin,1
heights,1
speck,1
skylark,1
mornings,1
tip,1
rhododendron,1
impatience,1
tight-'curled,1
butt,1
folds,1
overwhelmed,1
shell's,1
announced,5
caw-'caw,1
ceremony,2
hoarse,2
snake-'charmers,1
charmers,1
austerely,1
alert,1
gasp,4
realization,1
woodpecker,1
announcement,1
news,1
chamber,2
invalid's,2
clotted,3
breakfasts,1
concealing,1
warmness,1
dignified,1
bottle,3
feeding,1
darling,1
fed,1
jacket,1
motherless,1
lamb,18
losing,1
lanes,2
primroses,1
crowding,2
freshness,1
golden,9
slapping,1
wishing,1
gloom,2
strings,1
relations,1
tight,2
luxuriously,2
stretched,4
shrewd,3
bitter,1
pips,1
grabbin,1
finer,1
quarter,2
owns,1
ses,1
appreciative,1
preach,1
volubly,1
sarah,1
denying,1
affairs,1
state,4
signet,1
pains,1
soothing,2
amuses,1
trustiest,1
relaxed,2
winnin,1
danger,1
unscrupulous,1
inheriting,1
sternly,1
dawn-'time,1
receive,2
approach,1
command,2
pearls,1
advance,1
prince,2
wrist,1
somewhat,2
shrieked,1
occasions,1
larkspurs,1
dresser,1
champion,3
announcing,1
spires,1
chattering,1
astonishing,1
content,1
new-'born,7
patient's,1
past,8
self-'indulgence,1
hysteria,1
blood-'vessel,1
visits,1
sulky,1
doubted,1
occurred,2
enraptured,2
tiredness,1
chantin,1
hooray,3
frankly,1
rapidly,3
muzzle,1
hoof,1
snorts,1
puffs,2
whinnies,1
threateningly,1
whinnied,1
steel,1
nuzzling,2
ha,2
whoever,2
ashamed,1
triumphantly,2
broadly,2
joyously,1
incident,1
inquiring,1
unknown,3
scrambled,3
wands,1
boughs,1
implored,1
loveliness,2
magicians,1
gravely,1
chuckling,2
ud,4
bud,1
gulp,2
graidely,6
tongue,1
modify,1
mun,19
uncurlin,1
hearken,1
bearable,1
curled,2
nut,12
pockets,2
tame,2
ache,1
disagrees,1
grander,1
circles,1
occurring,1
inspiration,4
save,4
salt,2
feverish,3
coats,1
drone,1
hang,1
ye-'es,1
deepening,2
rock,1
relented,1
attempt,1
yawning,1
upset,1
openly,1
yawned,1
sufficiently,1
calm,3
straightened,1
repeat,1
soft-'hearted,1
streamed,2
long-'drawn,1
gulped,5
unsympathetic,1
aches,3
created,1
fears,3
terrors,2
twitching,2
old-'fashioned,1
line,3
examined,3
joint,1
rib,1
she-'she'll,1
heaving,1
mouths,4
writhe,1
atom,1
savage,3
choking,2
adored,1
exact,1
gasping,1
contradict,1
restrain,1
shock,1
guessed,1
stamped,3
terrified,1
stimulating,1
satisfy,1
screams,2
horrible,2
thrive,1
screaming,4
instant,1
dreadful,3
hysterical,8
crookedness,1
hoarsely,4
hunch,2
spine,4
monogram,1
writing-'case,1
nervousness,1
revealed,5
temporarily,1
indoors,1
unrelenting,1
serve,1
ails,3
blackness,1
hysterics,12
amazing,6
nutcracker,1
throw,6
sourly,1
indignation,2
contradicted,2
squeezed,1
opinions,1
tear,2
ferociously,1
sneered,1
angel,5
tenderly,1
flashed,1
rough-'and-'tumble,1
street,1
clench,1
salute,1
island,1
wicked,1
drag,2
condescended,2
railroad,1
storm,1
headache,2
ill-'tempered,1
parted,1
appealingly,1
sending,3
stringy,1
thicker,2
dresses,1
cups,1
notes,1
ear,2
relating,1
soared,1
lightning,2
backward,5
extra,2
ladder,5
simply,2
plum,1
self-'sacrificing,1
returning,1
occupied,1
questioned,1
thrown,6
disturb,1
scolds,1
puts,1
sweetly,1
wheres'ever,1
inquiringly,1
us'd,2
impidint,1
lumps,5
veil,5
gauze,2
oughtn't,1
hers,2
disagreed,1
ivory-'white,2
described,2
carven,2
complaining,1
havin,1
suspicion,1
easier,4
meddle,1
softness,2
wonderfully,2
simplest,1
unconsciously,1
us'll,4
introduction,1
gossipin,1
visitin,1
readier,1
housekeepin,1
settin,1
interferin,1
mon,1
notion,1
beaks,2
red-'breasted,2
darted,2
warmed,2
leafbuds,1
roamin,1
kissed,3
gold,9
devoured,1
orange,6
clump,2
trotted,3
flusters,1
hounds,1
privately,4
rook,5
bushy-'tailed,1
shoutin,1
stead,1
gaily,1
abed,1
bared,2
frettin,2
rust-'red,2
stooping,1
flapped,2
blue-'black,1
fakirs,4
glossy-'plumaged,1
unfurling,1
royal,6
uncurling,2
greener,3
pearly,1
clasped,1
doleful,1
unbolted,1
unchained,1
unbolt,1
stable,2
kneeled,1
struggle,1
concert,1
scores,1
tender,4
hypochondriac,1
waft,2
sources,1
blinds,2
fear,5
admiringly,3
lamb's,1
mad,4
ruffling,1
coach,1
lately,1
trusted,4
mysteries,1
prompted,1
discover,1
direct,1
you've,6
sick,3
case,2
whining,1
blessing,1
sly,1
cripple,5
colorless,1
muffins,1
attraction,1
crippled,1
warning,3
share,1
sparkling,1
dangerously,1
reproachfully,1
entertainment,1
whenever,2
cat,2
atmosphere,1
consequence,1
alarm,2
severe,1
actual,2
unloving,1
ordinary,1
nothings,1
sod,1
remembrance,1
cherries,1
laughs,2
reflecting,2
unbound,1
usually,4
dr,48
wishes,4
whispering,4
boasted,1
unsympathetically,2
soaked,1
resentful,1
nights,2
hideous,2
elbow,1
fairies,1
squeaking,1
burrows,2
remain,3
creatures,26
burstin,1
repeating,1
badgers,4
eggs,17
burned,1
spots,3
larger,2
chirps,1
feels,6
ordering,1
illustrations,2
oaks,2
tune,2
mentioning,1
deeper,5
rajahs,3
diamonds,2
rubies,3
seating,1
duty,3
turnin,1
bobbing,3
dares,1
dressing-'gown,3
wrapped,2
sneeze,2
picture-'books,3
servitor,1
wha'd,1
bricks,1
starin,2
typhoid,2
colds,1
medicine,3
food,15
downright,2
remotest,1
gray's,1
stayed,12
sylum,1
frightening,2
bewitched,3
gust,1
wiping,1
finds,3
sobbed,3
roused,1
throwed,1
den,1
growing,27
lion's,1
makin,8
mcgrew,1
frighten,6
they'd,6
what'll,1
carpet,6
knee,1
bringing,2
flower,14
pat,6
attend,1
outer,1
smiles,1
scullery-'maid,2
grumbled,1
boyish,2
copious,1
well,96
ribbon,1
swallow,1
uncovered,1
straw,1
cord,3
parts,1
tramp,1
leaping,1
interrupted,2
ourselves,3
explain,3
crazy,5
vi,2
orders,13
climbed,7
safe-'hidden,1
opportunity,1
starvation,1
unlocked,2
nothin's,1
bound,4
leaning,3
compare,2
doze,2
falling,6
rarely,2
mysteriously,2
plainer,1
threepence,1
reading,1
fire-'light,1
everything,40
straight,14
seaside,2
generally,1
daren't,8
works,4
reality,2
pitifulness,1
fold,3
weren't,1
attended,2
two-'pence,1
standard,5
fingering,1
lovable,1
confidence,1
lookout,1
ached,3
jumps,1
fixed,12
portraits,5
ghost,8
half-'frightened,1
besides,10
named,2
skipped,11
pain,1
answer,19
served,1
hesitated,5
locks,5
dreaming,3
four-'posted,6
invalid,9
liberty,1
burning,1
dim,2
stranger,3
mournful,2
pillow,11
chimneys,1
pouring,7
underneath,1
roughly,1
thorn,1
grumbling,1
five-'mile,1
his,751
drawn,10
service,1
healthy-'minded,1
faintly,1
school,3
planted,8
lessons,1
sand,1
faltered,4
needed,1
crust,1
wretched,5
worry,1
sorrow,1
tremble,2
sun-'dial,1
pretty,25
vexes,1
fun,9
rouse,1
absent-'mindedly,1
hardly,1
protested,4
plans,2
tires,1
adoration,1
wuthered,2
louder,2
fretfully,3
shrunk,1
way,120
fretted,2
worried,4
covered,12
streaked,1
twisting,1
craven's,7
hair's,2
stuffed,1
brooch,1
collar,1
frightened,27
finish,1
these,22
readiness,1
travel,1
crabbed,4
working,18
advised,1
austrian,1
anybody,1
liver,1
trusty,3
white-'thorn,1
obstinately,7
laughin,4
handsome,5
rajah-'like,1
wind,39
pink,7
encouragingly,1
rheumatic,1
heavy,8
slice,2
handkerchief,3
bundle,1
heartily,2
fifth,1
subject,2
paws,2
separate,1
wutherin,5
campanulas,2
cawing,1
canterbury,1
loaf,1
twelve,14
curiousest,1
sung,3
examining,1
seed,8
catchin,1
hedgerow,1
swingin,1
spick,1
ocean,2
chased,1
wonderingly,1
arches,1
sniff,3
inch,1
drops,2
digestion,1
grinding,1
clearing,1
first-'rate,1
cook,3
ancient,1
bean-'stalk,1
clearings,1
creature,13
begins,1
keys,1
utter,1
stroked,2
paid,1
useful,1
moist,1
should,68
stroking,1
bough,1
unpromising,1
brush,3
wood's,1
glories,1
secrete,1
sprung,2
hundred,19
low-'growing,1
snow-'white,4
juicy,1
stones,7
gazing,4
knees,4
lifeless-'looking,2
count,3
glowing,7
dry-'looking,1
thrived,1
strongest,3
cherry-'trees,1
robbed,1
chose,1
carefully,10
here's,4
disobey,1
lads,3
nestin,1
queerly,1
creepers,1
dash,1
dryly,2
dream,19
stone,4
waved,7
lyin,4
bird's,2
laurel,1
wilt,1
desired,1
eh-'h-'h,1
rounder,2
clutch,1
keepin,2
marched,3
good-'humoredly,1
reverent,1
whiteness,1
forward,14
sentence,3
toddling,1
but,475
miserable,8
won't,62
summer-'time,1
beetle,1
he's,120
staying,3
rabbit,6
shell,12
choosers,1
feeding-'lamb,1
weathers,1
rare,5
replying,1
crowds,1
intently,3
thoughtfully,2
roach,15
robin's,3
movement,1
eye-'teeth,1
chat,1
berries,1
waking,1
trails,1
holly,1
chief,2
want,106
where's,1
lighting,1
there'd,4
happens,2
poppy-'cheeked,1
awakening,4
as'll,2
giggle,1
mignonette's,1
neater,1
passion,6
untied,1
log,4
daytime,1
running,17
larkspur,1
poppy,2
piped,1
delighted,5
gentle,5
how,135
curving,4
charming,1
aunts,1
far,16
moving,3
rise,3
move,9
piping,2
peep,1
neck,4
stocking,2
stretching,1
scarcely,25
lived,30
clinging,2
boy's,4
mystified,5
poppies,4
curved,2
floor,5
crossness,1
use,5
mass,1
crossly,3
askin,3
every,78
grunting,1
sinking,1
performance,1
patch,2
touches,1
slipped,7
changing,10
year's,1
wife,7
lying,19
nearer,8
corridors,9
tail-'feathers,1
swelling,3
twigs,1
distracted,2
common,10
forgetting,4
falls,2
sleeves,1
reluctantly,1
admitted,3
dreams,3
inkstand,1
shade,3
entered,12
scowled,1
weed,2
wiry,1
such,78
trimmed,1
rooted,1
martin,1
warned,1
bachelder,2
breaking,1
spoken,7
flirt,1
chap,12
wrinkling,1
millions,1
covering,2
doin,5
buds,12
currant,2
jackasses,1
oddest,1
fight,4
tellin,1
signs,2
sometimes,45
polishin,1
panting,1
reddenin,1
silk,6
admire,1
graces,1
tighter,2
footsteps,3
fatter,12
credit,2
habit,1
beginnin,1
curtains,2
rested,2
rose-'bush,3
usual,6
pride,4
flirtin,1
tools,8
flattered,1
nibble,1
secretly,6
details,2
suddenly,44
putting,7
proud,6
barely,1
private,1
quick,12
starting,3
sprouting,2
wits,1
world's,5
determined,4
awake,15
dropped,15
volunteered,1
sarcastic,1
italian,1
layin,1
caw,7
days,28
pardon,3
walkin,4
joints,1
marigolds,2
tea-'time,1
tidy,4
oat,1
start,7
crows,1
close-'grown,2
lost,12
buys,1
we'll,7
that'd,1
dreaded,1
single,3
ph,1
filling,6
mouth,20
easy,7
apparent,1
dictated,1
serious,5
ground,16
age,1
takin,2
heartless,1
collected,1
sheer,1
pen,4
scents,5
insult,1
dinner's,1
chiseled,1
inordinately,1
shook,13
eagerly,7
hips,1
rent,1
hadn't,6
wants,20
lookin,9
saturday,1
tied,3
fork,6
stations,1
pitying,1
agrees,3
rithmetic,1
stars,2
c,1
comfortable,16
brings,1
distended,1
rake,3
upstairs,5
radishes,1
diggin,5
dawning,1
favorite,2
speed,2
hindustani,2
em'll,1
him,558
dress,12
afford,1
possession,2
flags,1
bands,1
narcissuses,2
hurriedly,2
onions,2
cheek,3
stick,4
packages,4
puddin,1
stopped,54
lightly,2
water-'gardens,1
smothering,1
cleared,3
deal,25
bear,12
dozens,2
dressed,7
size,3
ben's,2
estate,1
fairly,2
wonderin,3
exercise,6
handed,3
felt,109
wardrobe,1
treating,1
tomorrow,10
searched,1
dragging,1
pushing,9
fledged,1
become,8
sniffing,4
border,1
wrestler,2
xxii,2
daffodils,3
suck,1
hand,69
elbows,2
aback,1
points,12
quavered,2
flashing,1
sticking,3
seats,3
brood,2
alcoves,6
warmer,1
jography,1
pushed,21
sizes,1
let's,4
happening,9
arch,3
leaf-'bud,1
rose-'colored,2
grass,55
warrant,13
shadow,4
flyin,1
indeed,18
unceasingly,1
gliding,1
fallen,3
bridges,1
foreign,2
wintry,3
tendrils,3
rosebushes,1
hunting,1
matted,1
arm,16
stems,2
mysterious-'looking,1
bein,10
sweetest,2
exclamation,2
breathing,8
keyhole,1
baffling,1
fitted,1
square,1
twittering,2
singing,5
excitement,12
cherry,1
a,1738
thump,2
loose,3
swung,2
lions,1
point,1
stepped,3
untrimmed,1
wave,1
ayah's,1
astonishment,1
adorably,1
anxiously,7
trill,1
coolly,1
strike,2
harangued,1
captain's,1
agreed,2
greeted,1
someone,24
swaying,2
waving,1
message,1
wool,1
behold,1
special,1
length,2
resting,4
elderly,2
sunshine,9
death,7
yesterday,9
we'd,3
firmly,2
fattens,1
believed,9
swellin,1
name's,1
buttermilk,1
gusts,2
caught,19
fascinating,3
delightful,7
puzzle,1
p'raps,4
accustomed,4
noticing,2
far-'reaching,2
clever,8
coal,2
toy,1
today,17
skippin,2
passionately,1
handing,2
urged,1
motherly,3
excited,16
windy,1
dew-'bright,2
rather,73
noses,4
commanded,5
fairy-'story,1
impudence,2
aside,6
body,17
cottager,1
knelt,7
slept,10
em's,2
games,2
skipping-'rope,9
pitifully,1
truth,9
skippinrope,2
fumblin,1
mister,1
sometime,7
wood,18
ellen,4
buy,9
cream,4
odds,1
tended,1
drivin,1
detested,2
present,5
restive,1
gibberish,2
untouched,2
crying,36
mantel-'piece,1
shine,2
apron,3
steady,5
sharply,4
mayn't,4
idea,15
walking,7
started,7
charmer,7
heads,6
treetop,1
snakes,3
elsewhere,1
tigers,3
hunt,1
harmless,1
limp,2
officers,1
reflected,2
ship,1
ma'am,3
mended,1
overdo,1
torn,1
twisted,2
ivory,9
patches,2
harm,9
evening,4
king,5
shouted,7
pipin,3
fluting,2
lizabeth,3
delights,1
lulled,2
aren't,3
scamperin,1
joyful,4
longed,1
dreary,4
gettin,3
robin,106
span,1
hitherto,1
able,4
going,111
contrariness,1
barney,2
disappointed,3
wonders,5
glossy,2
less,4
stirred,4
tempers,5
pure,3
inactive,1
spreading,3
scented,2
having,12
scrawny,2
gardener's,4
elders,1
rusty,1
checked,1
gently,5
newly-'turned,1
cawed,3
scratched,2
freshly,1
pile,1
was,1376
plants,5
ruddy,1
perennial,1
guess,1
nesh,1
somewhere,8
loveliest,1
flutterin,2
bend,2
closer,6
showing,5
ends,1
tail,4
fathers,2
flirted,2
prettier,2
peck,2
oftener,3
exciting,2
becoming,4
grunted,2
findin,2
notice,8
slyly,1
leaf,3
brougham,1
flower-'seeds,1
butter,4
uncurl,2
higher,5
boldly,1
they'll,7
soldiers,2
spite,11
susan,23
daffydowndillys,3
wails,1
nay,1
mate-'huntin,1
patient,4
stickin,1
warmin,1
cinders,1
stirrin,1
humor,7
remade,1
well-'trained,1
sees,7
damp,3
sniffed,4
ajar,1
worrit,2
song,16
gives,1
pretending,3
smell,8
imagine,4
lifting,2
herbs,1
shining,9
lonelier,1
lovelier,1
spirits,5
from,165
courage,3
wet,9
senses,2
stands,4
thoroughly,1
vixen,2
turns,2
to,2003
wash-'tub,1
fashion,6
study,3
defy,1
reflectively,1
sweetness,1
joy,14
workin,4
thrilling,3
goodness,2
disgracefully,1
spend,2
weatherstaff's,15
walls,32
lawns,1
roared,1
sensible,4
currants,1
offer,1
awkward,3
mile,2
darting,1
heavenly,4
wistfully,1
soarin,1
calmness,3
tremulous,1
butterflies,3
gold-'colored,2
hour's,1
rebellious,1
sugar,2
tha'd,15
sunny,1
streaks,1
sunniest,1
recover,1
pheasant,2
takes,2
nothinof-'the-'sort,1
learnin,4
seriously,4
rushing,4
soart,2
souls,1
skippinrope's,1
brushes,1
cough,2
front,2
rained,1
worm,1
springtime's,2
delicious,1
pretendin,1
storm's,1
crawford,6
shyly,1
awful,3
bell,5
rings,2
torrent,1
purple-'black,1
lose,10
floated,1
blueness,4
improve,2
herself,92
bottomless,1
swelled,1
skies,1
alive,40
slammed,1
whistlin,2
totter,1
bunch,1
cottage-'made,1
somebody,2
behind,15
lake,6
accidentally,2
shore,1
remark,1
faster,5
measure,1
muffled,1
skins,1
astonished,2
childish,4
clumping,1
branched,1
farther,4
seven,3
grunt,4
drawing,13
mouse,4
belonged,2
interfere,1
sofa,17
footstool,7
palanquins,1
position,1
custom,5
wherever,1
sniffin,2
elephants,9
invited,1
ornaments,1
pieces,4
paper,5
leaded,1
inlaid,1
awoke,3
shrubs,3
difficulty,3
built,2
strength,9
sprang,6
narrow,2
self,2
attends,1
beds,9
clean,11
clambered,1
parrot,3
angrily,1
steps,6
legs,23
stiff,7
stepping,2
large,10
folded,2
puffed,2
reached,9
wondering,15
grass'll,1
satin,4
dramatic,1
jonquils,1
nowhere,1
newly,2
costumes,1
hiding,5
women,2
wanderings,2
fours,1
finest,1
necessary,2
permission,7
shouldn't,7
brute,2
describing,1
kindness,1
hour,14
sour-'faced,1
once,66
scowl,1
twice,12
ann,2
sense,9
planning,1
fountain,10
stupid,3
princess,1
company,3
trifle,6
regularly,2
meals,4
peel,1
rheumatics,7
un-'hysterical,1
showin,2
reposeful,1
finger,3
abundant,1
meaning,1
brass,2
consult,1
short,12
hung,9
stairs,3
sixteen,2
sitting-'room,2
medlock'd,1
hunching,1
knock-'kneed,1
pity,1
sew,1
full,34
knit,1
perplexed,2
ruffled,1
raven,1
whistling,2
watchin,6
resent,2
soot,20
crow,13
skipping,4
swum,1
week's,1
industriously,1
nearby,4
change,11
world,44
killed,3
send,18
slapped,6
push,20
shirt,1
beef,3
bosom,2
belongs,1
plum-'tree,2
good,97
half,29
fox,17
accent,1
miles,8
weather,4
cabinet,5
throughout,1
wilderness,2
shinin,2
mostly,2
expression,17
startles,1
cloud,1
toothache,2
betty,1
wasn't,18
anybody's,1
raging,2
bang,1
glared,1
shutting,2
moor,94
crash,2
swiftly,1
blew,3
cabbages,4
thistle,1
healthily,3
interest,7
cousin,7
grown,8
oldest,1
hates,9
sittin,3
sit,15
chippering,1
readin,2
gardeners,9
sermon,1
watering-'can,1
you,745
pewter,1
clemmin,1
us,65
back,158
intended,2
shuddering,2
lumpy,1
hollow,4
flare,1
tucked,4
bumped,1
riding,1
heart-'broken,1
persisted,3
passing,5
thinkin,10
jokin,1
hundreds,4
attract,1
bits,6
conceited,2
appeared,5
rub,4
whispered,16
chattered,2
delight,10
humans,3
brain,2
plucked,1
immensely,3
languid,2
shaped,2
ivy-'covered,2
sun's,1
closely,1
preen,1
alighted,3
finishing,1
housekeeper's,1
contrary,20
satisfied,1
pattering,1
gladly,2
somethin,10
thinking,55
hop,3
telling,4
chirped,6
persuade,1
learns,2
twittered,3
spiteful,1
exultantly,6
plate,1
tilting,2
top,12
drew,13
rose-'bushes,4
practice,2
chirp,6
biggest,4
words,16
spray,2
tousled,1
lower,5
floating,2
growed,4
one's,4
carved,3
printed,3
cabbage,1
leaves,25
dip,1
black-'lashed,1
purpose,3
struck,2
intimate,2
shouts,2
seein,2
runs,1
sticks,2
books,22
bones,3
flesh,7
great,70
givin,3
heels,6
faint,5
cautious,2
formed,2
bowl,1
spoon,1
ivy,28
brightened,2
reach,1
healthier,2
whole,25
lungs,1
blown,4
upholding,2
breaths,10
weatherstaff,100
rabbits,7
weighs,1
nuzzle,2
pruned,1
giant,2
affected,1
stronger,15
ill-'natured,1
blood,8
stirring,5
whipped,1
breaks,1
haworth's,1
undergardeners,1
best,22
realized,8
six,6
amusing,2
pass,1
bromide,1
small,18
good-'by,2
glancing,2
hawks,1
cause,1
poke,2
prize-'fighter,2
xi,2
mournfully,1
digging,14
shape,2
keeps,5
meddlesome,1
gooseberry,1
lap,5
rose-'trees,5
mumbled,2
madam,2
egg,3
responsible,1
pigs,1
wings,14
turnips,1
substantial,1
shake,4
opening,6
nests,10
he,1772
hearth-'rug,5
lies,4
restlessly,4
talks,7
safely,1
human,8
eager,7
tone,4
normal,1
fancy,7
outright,2
scrap,2
crystal,2
sir,43
apple-'tree,4
uncomfortable,3
submitted,1
nasty,4
lashes,6
dignity,2
wove,1
anxious,4
heart,15
enjoyed,8
frankness,1
hold,11
candle,5
vain,1
stopping,4
friend,5
jerked,2
they,433
bigger,7
mysel,2
indifference,4
rust-'colored,1
employed,1
rich,7
wheels,1
handles,1
conduct,1
lonlier,1
wench,7
art,15
maria's,1
knowin,5
finding,6
cruel,1
find,53
curiosity,8
hear,50
late,16
uncompanionable,1
thrives,1
scarlet-'waistcoated,1
envelope,2
ago,20
queerest,2
defiantly,1
knob,3
armor,1
weak,14
retorted,2
himself,87
fledgling,1
bake,1
whisper,14
tears,8
squirrel,7
patted,2
plump,3
joyfully,3
mothers,3
awfully,2
insects,1
flown,7
seeds,20
briskly,1
pecked,2
slipping,1
hopped,13
afraid,32
mignonette,2
dewdrop,2
fancied,1
dying,9
marching,3
loosened,1
eye,4
sorry,20
forrad,1
season,3
early,12
embarrassed,1
cheeky,1
clod,1
flying,3
important,4
singular,3
inspired,1
wonderful,23
soft,28
however,12
gardener,11
basil,9
treacle,1
pinch,1
slow,9
knife,4
changed,10
scraped,1
plantin,2
stares,2
surprise,6
matters,2
begged,2
dog,4
earth,60
flightiness,1
communicate,1
wolf's,1
down,153
times,26
chuckle,1
prevent,1
doubtful,2
bred,1
beside,5
mother's,8
kitchen-'garden,3
perched,9
tree-'top,3
weeds,7
noises,1
bushes,11
feed,2
i'll,62
dreadfully,1
spike,1
whatever,8
smile,16
servants,32
wider,3
whistle,6
calling,9
chilly,1
valley,7
breathe,9
dislikes,1
branch,15
moonlight,2
topmost,1
rind,1
sitting,20
springing,1
lie,17
breast,5
bright,13
persistently,1
bird,17
beyond,2
drowned,1
noticed,11
within,1
difference,1
pocket,14
devote,1
shoulders,10
upper,1
gardenin,1
generation,1
experienced,1
yet,28
anywhere,8
tempting,1
iii,2
beg,1
winter-'browned,1
downstairs,11
handle,8
something,102
cloth,2
impartially,1
nowt,12
shortly,2
softly,21
wisely,3
touched,10
brace,1
tough,2
cub,5
spade,22
frames,2
flat,4
hodgson,1
proudly,1
hobbled,1
crediting,1
haven't,4
fruit-'trees,2
winter,7
safe,15
containing,1
happiness,1
pathways,1
rounded,1
counted,7
revealing,1
safest,1
closed,16
why,72
uglier,1
green,51
upon,33
unpopular,1
path,10
sidled,1
sprays,7
vicarage,1
pool,2
evergreens,1
build,5
flower-'beds,4
panted,3
stifling,1
poor,29
borders,3
clipped,4
hissel,1
remind,2
stumbling,1
winding,1
thysel,10
norwegian,1
busier,1
coaxing,2
brilliant,6
dining-'room,1
ringing,1
willing,1
armchair,3
courtin,3
sigh,1
buried,19
bungalows,1
dug,12
hesitate,1
gate,5
pair,10
coax,1
eats,1
satans,1
draw,5
teaches,1
torrents,2
plays,4
bitten,1
prepared,2
nest,23
tha'lt,7
wafts,3
cockle,2
broken,7
warm,26
rough,13
wrap,2
given,10
month,4
pother,1
scullerymaid,1
rest,22
motionless,1
attempted,1
suggested,10
heard,95
thinks,13
jane,1
phil,1
shuddered,1
meat,4
outspokenly,1
hush,1
spikes,1
pitcher,8
echoed,2
till,15
shillings,4
beheld,2
ended,19
remembering,10
fright,4
occasion,2
masters,2
abide,2
choir,1
meant,22
incredulously,1
healthy,12
peace,1
tying,1
bold,8
animal,12
pluck,2
fill,2
mercy's,1
rugs,3
space,3
friends,15
church,7
decided,5
clouds,7
cording,1
calls,6
hoping,2
eat,22
elfish,1
complainingly,1
crossin,1
ink,2
learning,4
says,72
lump,18
meddlin,1
delightedly,4
again,119
gets,11
string,1
alter,2
stream,4
scattered,1
bless,6
hesitatingly,1
nickname,1
freedom,2
hunchback's,1
enclosed,2
believes,4
addition,1
stuck,6
naught,3
wished,4
coldly,3
innocent,1
pans,1
family,2
amused,5
minute's,1
swarm,1
rope,3
pointing,7
untrained,1
homes,2
like,350
lots,7
respectful,1
clothes,13
subservient,1
maid,1
teasing,1
lady's,2
looking,66
apparently,1
brought,40
number,4
forevermore,1
girls,2
teaching,1
suspect,2
unfurl,1
doll,2
obliged,18
rising,4
mildly,1
quietly,9
scream,13
delicately,3
them's,4
process,1
curtsy,1
hersel,1
delicatest,1
beckoned,1
color,20
sadder,1
martha,182
say,71
pointin,1
it'd,9
solemnly,5
ordered,4
egg's,1
brighter,1
salaamed,1
loved,8
portal,1
soothed,2
scratchin,1
sky,25
approval,1
cool,3
comment,1
ways,20
pecking,1
gentry,1
tha'self,2
show,18
feathers,3
tha'll,18
relieved,7
frogs,1
sparkle,1
gradually,8
blunt,1
towards,2
birds,33
comforting,1
frances,1
listenin,2
cryin,1
cubs,2
sports,1
forth,8
themselves,37
villa,3
touching,2
not,554
older,2
sobbing,4
country,4
burst,13
downward,1
silence,6
helplessly,1
horribly,2
crumbled,1
butler,1
somehow,17
sway,3
in,1050
burrow,1
names,9
thirty,1
stare,11
years,44
simple,9
salaam,2
humiliation,1
beamed,1
wanderin,3
t'other,2
feeding-'bottle,1
black-'gloved,1
instead,18
disappointedly,1
wait,10
familiar,3
lead,1
gabbled,1
eaten,4
loike,1
understanding,4
much,124
religious,1
sunday,1
moon,2
war,1
they're,29
free,1
knobstick,1
crimson,1
scent,9
slight,4
tracts,1
pleasant,1
em,75
animals,8
vexed,3
arrow,1
tangled,2
unearthly,1
buttoned,1
whose,14
moss-'covered,1
clumps,5
tuppence,2
callin,6
cheered,2
coarse,1
peering,1
expressed,1
eyes,135
respectable,2
health's,1
saw,81
buildin,2
mysterious,17
blacks,5
crushed,1
roasted,2
pet,1
tangle,5
disdainfully,2
watchful,1
twinkling,3
walk,58
without,38
men,3
glass,6
pictures,17
flooded,1
washed,1
romping,2
nurses,3
turn,14
height,1
tweaked,1
wailing,3
photograph,1
electric,1
spent,6
mean,14
shan't,3
redbreast,2
housemaid's,1
bloomin,1
sorrowful,1
hobnailed,1
sympathetically,1
thick,22
breathin,1
imperious,4
close-'shut,1
hanging,12
she,1789
master,22
descriptions,1
aye,39
appetite,8
asking,6
throwing,1
close,25
kindly,1
forehead,14
above,7
seems,13
funny,17
i'd,20
seeming,3
sturdy,4
thank,8
attention,6
fastenings,1
porridge,3
film,2
dear,7
colin's,29
kitchen,4
protector,1
salaams,2
glummest,1
buttered,2
form,1
sweet-'smellin,1
grown-'up,5
gapin,2
equals,1
fatal,1
friendliest,1
obsequious,1
several,15
puzzled,15
blades,3
assuming,1
magic,95
weather-'beaten,1
startle,1
skylarks,5
helps,2
amazement,3
picking,1
uncertainly,1
bees,8
xxiii,2
paced,1
fresh,48
rice,1
shows,2
shapes,2
cap,6
passionate,1
lot,21
summer,8
squirrels,9
bedside,3
quivers,1
spring,16
london,10
straggled,1
exercised,2
wi,11
search,1
hot,21
hearin,1
evidently,9
as,791
grate,4
polishing,4
ferrets,1
inquired,24
walks,3
smaller,2
rattled,1
buckingham,1
tremulously,2
eating,3
bare,14
pull,5
half-'way,3
daylight,2
hunchback,10
grin,8
haworth,2
born,16
argued,2
myself,28
lain,3
stretch,2
or,175
shuts,1
purplish,1
understood,14
twitter,3
lecture,5
book,6
shaken,1
iron,7
endless,1
i'm,95
deep,19
package,2
twig,5
yorkshire's,1
trees,46
dressing,1
dogs,2
hunters,1
appalling,1
jumped,8
turrets,1
glimpse,3
pills,1
amazed,2
helping,1
below,7
affectation,1
listened,27
anything,57
canna,5
tapestry,7
quarters,3
discovered,2
child's,2
yeller,4
pe,1
humph,1
arrived,7
witched,1
forget,15
lo,1
headlong,1
unceremoniously,1
supper,6
fire,17
tall,9
wrung,1
wanted,53
flight,7
staircase,2
sensitive,1
husky,1
don't,116
questions,24
manservant,2
goodly,1
crustily,1
indian,9
rushed,7
neat,4
liberties,1
cease,2
dimly,2
returned,10
hall,10
mice,3
corner,18
enormous,2
bars,1
chin,4
flights,4
studded,1
whatsoever,1
making,32
curious,31
nose,14
huge,6
ruffs,1
browt,1
entrance,2
stops,2
work,35
ring,5
carryin,2
dartin,1
disliked,6
white,32
dull,8
hidden-'away,1
stout,3
low-'built,1
eh,65
business,4
anger,2
tilted,4
though,53
done,55
mine,13
colors,1
until,69
cover,5
mountain,1
waiting,16
clear,15
fascination,1
growin,3
driving,2
inclined,2
buffeting,1
do,272
forest,2
joyous,2
overhead,2
cart,3
foragin,1
twist,1
drop,4
avenue,2
rock-'cress,1
relief,3
laid,7
xvii,2
obeyed,1
dry,7
beneath,2
bridge,1
nails,1
worn,4
bloom,8
spellin,1
breakfast,21
waters,1
likes,19
pampered,1
prune,1
button,2
poison,1
mornin,9
walderhurst,1
next,29
gates,1
visitor,1
increased,1
plenty,6
mind,47
housemaid,2
sake,1
water,8
winning,1
sheep,4
nothing,73
expanse,2
ponies,5
broom,3
sounding,1
heather,11
land,4
pinafores,1
isn't,21
poured,7
cake,2
companion,1
manners,3
spread,17
apart,1
glimpses,3
rough-'looking,1
practical,2
twenty,1
tea-'tray,1
jolt,1
sufficient,1
thousands,15
pressed,3
flute,3
been,279
sown,1
room,101
stoutly,5
wasna,1
landscapes,1
brocade,4
dense,1
nearing,1
bed-'clothes,1
ran,32
outspread,1
climbing,9
excuse,2
loudly,3
different,38
i,1189
medlock's,5
odd,11
lest,1
tuesday,1
reddish,2
sweets,1
shells,2
prepare,2
shop-'window,1
took,54
road,5
rains,4
dirt,1
public,1
cure,1
lights,2
tiny,21
bulbs,8
new,56
trust,5
cast,2
tumbled,4
bonnet,4
fly,12
raspberry,1
keeping,5
happen,14
hummin,3
nearest,2
rainin,1
daughter,4
glad,33
knowing,11
b,1
exactly,9
skip,15
looked,224
friendly,10
it'll,12
hidden,9
timid,2
ecstasy,2
pathetic,1
cushioned,3
wiped,1
comfortably,2
long-'eared,1
wages,2
mistaken,2
sympathy,1
ill,37
seated,1
immense,5
limbs,3
drove,8
old-'womanish,1
grandly,4
coachman,1
roast,1
transform,1
fine,19
mounted,5
worse,11
bring,21
waited,12
burly,1
instructed,1
dripping,1
visit,2
suits,1
middle,8
xiii,2
hedges,4
overfilling,1
native,15
merely,2
martha's,13
events,1
snowdrops,9
coat,11
uninterested,1
footman,6
pots,1
true,12
stand,27
smart,2
jaws,1
it's,142
outside,17
waitin,3
rooms,21
drowsily,5
heavier,2
thy,21
hope,7
sad,2
yards,5
jerking,2
tha's,31
sendin,1
smiled,13
chicken,2
mercy,1
pronouncing,1
wear,2
mould,3
wuthering,3
good-'natured,8
fits,3
sing,15
mary,674
station-'master,2
novelty,1
picked,5
rusty-'red,2
skippinropes,2
table,14
thoughts,12
just,135
pane,1
overpowered,1
parcels,1
drive,6
difficult,2
surrounding,1
sleep,27
disconcerting,1
plumpin,1
servant,9
greatly,2
float,1
saves,1
shaking,8
proper,1
against,30
forgot,14
splashing,1
paused,8
shadowy,1
dryest,1
pointed,3
upper-'housemaids,1
ready,11
bank,1
fool,1
slip,6
fillin,1
black-'rimmed,2
allowed,5
riquet,1
iv,2
wild,28
make,94
wilder,2
threatening,1
lamps,4
shout,5
guard,2
everyone,17
sign,1
appetites,4
waterproofs,1
glistening,1
either,14
ix,2
dare,13
itself,19
lighted,6
cow-'shed,1
sweet,9
question,12
sobs,2
tea,14
high,19
rubber,1
risen,3
shyer,1
playing,12
talk,76
disagreeable-'looking,1
aware,4
lunchbasket,1
singin,5
dialect,2
continued,2
bought,6
probably,6
whirl,1
steadily,6
rain-'storm,1
morning,75
one,336
gazed,15
panes,2
west,1
figures,1
homely,2
fettleworth's,1
songs,2
poking,2
grave,1
particular,4
father,36
can,128
seconds,1
you'll,23
collie,1
nor,19
feel,60
mustn't,7
herbaceous,1
worked,14
springs,1
expect,3
whistled,3
huddled,3
frocks,2
fit,3
window-'panes,1
lettin,3
parsley,1
gray,37
slightly,2
shed,1
holes,3
where,83
heaven,1
pour,1
streaming,3
fever,6
munnot,6
cheerful,13
lets,3
thousand,5
tree-'tops,4
knows,46
longer,8
pitcher's,1
horrified,1
convincing,2
tapestried,1
queerer,1
yes,36
which,175
gained,3
bray,1
houppe,1
wander,1
story,7
slightest,1
mantel,2
french,3
die,28
cushion,9
nice,49
positively,2
didn't,44
misselthwaite,35
marry,1
she'd,7
bloat,1
roar,1
playin,3
stop,25
silent,8
believin,1
blade,1
rate,3
gleam,1
sourer,1
movements,3
lifts,1
spot,2
talkative,1
hue,2
coughs,1
advice,2
earnest,2
cares,3
brick,1
administration,1
toward,28
sheaves,2
cheerfully,1
i've,65
la,1
morbid,2
money,7
climb,2
excuses,1
crooked,8
straight-'legged,1
scold,1
troubles,3
foxes,10
sure,70
rimmed,2
railway,3
unless,2
unhappy,3
bordered,1
how's,1
whether,9
intend,4
tree,51
attracted,6
uncontrollable,2
brims,1
sea,5
village,3
courtyard,2
unlike,3
recluse,1
long,112
moments,7
fields,1
feathery,1
sounded,9
tamed,1
cup,3
mound,1
dragged,4
panels,1
nervously,2
fountains,1
gardens,30
went,117
right,26
locked,19
thing,95
hearth,6
corners,8
enough,52
wonderfulness,3
puppies,2
agreeable,5
tiresome,2
breath,24
doing,29
cobwebs,1
bushy,2
unresponsive,1
listening,16
left,34
wish,25
lines,1
sewed,1
laurels,1
certainly,4
frowned,5
divide,1
peckin,1
brisk,1
fairy,5
recollection,1
dreamed,5
spoiled,6
sideways,1
is,375
hat,9
cr,1
oven,2
leading,1
innermost,1
possessed,1
aquilegia,1
lennox,17
waistcoat,3
backbone,2
saving,1
yellower,1
needn't,3
folks,3
secrets,5
sat,71
forgotten,7
trunk,4
reminded,4
things,201
packed,3
darkness,5
far-'off,6
overexert,1
children,53
yourself,14
watched,19
black,39
doors,25
folk,14
root,3
center,1
withdrew,1
ignorant,2
gloves,1
guardian,2
cold,13
lowries,1
fell,18
throat,8
wooden,2
illness,2
real,17
captain,11
lives,11
dared,11
nonsense,1
litter,2
distinctly,1
hidin,4
stubbornly,3
forever,11
married,5
quickly,22
through,77
asked,102
stammered,5
housekeeper,3
makes,25
fretful,8
interesting,4
least,25
alike,2
imagined,2
plannin,1
seem,27
woolly,1
shrubbery,8
unrestrainedly,1
trying,9
melted,1
experiment,13
hesitating,1
carriage,19
discomfited,1
vegetables,5
colored,4
they's,1
else,25
lecturin,2
belong,6
they've,7
taking,8
sell,1
cottages,2
goin,18
houses,3
using,1
baking,2
manner,12
giggling,1
living,9
rosy,2
buses,1
stared,35
possibly,2
easiest,1
remembered,31
ask,33
hasn't,15
likely,6
gentlemen,1
stir,1
necks,1
talked,41
there's,74
she'll,7
pound,2
indifferently,3
vanity,1
arched,3
jam,2
good-'naturedly,1
ax,3
grows,6
strongly,3
window,30
government,1
piece,12
brows,3
sweet-'temperedly,1
ceiling,1
clumsy,4
collars,1
friendliness,1
she's,23
tantrums,7
word,21
moorland,8
wing,1
journey,4
million,1
evident,2
biscuits,1
truly,1
lad,43
rainstorm,1
remarkable,3
dangerous,5
trembled,3
wrong,13
plains,1
wakenin,1
scenes,2
snow,2
waterproof,2
flowers,31
replaced,1
o'clock,4
might,76
trumpets,2
pert,1
big,73
noisily,1
begun,26
fringe,2
accepting,1
jet,1
waken,3
carry,8
added,10
wrapper,3
bark,1
illustration,1
entirely,4
mantle,2
red,35
enjoyment,2
and,3259
reigned,1
come,176
numerous,1
absorbed,3
xvi,2
deserted,4
babies,3
plates,4
wailin,1
helped,5
pleasure,7
naughty,1
injury,1
affair,1
sighed,4
xiv,2
joyfulness,2
included,1
thirteen,2
appearing,2
sickly,6
stay,35
satisfaction,2
each,52
fourteen,5
skin,2
kingdom,2
shone,3
too,111
help,33
appear,1
broad,13
surprised,11
plant,10
rules,1
that's,52
kind,17
cheeks,24
lady,9
butcher,1
c-'could,1
stony,1
highness,1
blossoms,9
choke,1
crusty,1
week,14
fearfully,1
any,65
goes,20
missed,1
set,28
dance,2
everywhere,9
snapped,4
safer,1
comin,8
who,136
archibald,10
ignorance,1
empty,9
stomachs,1
mountains,4
mr,65
thwaite,10
rain,24
sister,5
tumble,3
blooming,1
peddlin,1
this,229
our,36
seven-'year-'old,1
objected,1
furniture,4
crocuses,8
pleases,3
mester,21
curtain,14
sunrise,2
spirit,2
muscle,3
response,1
apple,1
mem,6
chances,1
end,29
slap,1
often,18
germany,1
pulse,2
round,103
untidy,1
rustic,1
runnin,2
bounteous,1
gone,37
called,26
inside,27
whom,5
humming,3
sentiment,1
slender,2
are,183
exploring,1
bells,6
own,59
wore,9
yellow,5
civil,1
silver,5
viii,2
flowerbed,1
numbers,1
devour,1
confusion,1
clock,2
danced,3
pinched,5
charge,2
rabbit's,2
flew,26
reproachful,1
after,92
sisters,7
undo,1
beak,9
tyrannical,1
boys,7
ii,2
rockery,1
bacon,3
gay,2
tremendously,4
off,33
heap,2
mate,11
put,77
sale,1
watch,15
panic-'stricken,1
did,287
intensely,2
agate,2
thumb,1
cheer,4
what,293
rajah,24
colin,304
orchard,11
toys,4
glow,3
scuffling,1
turned-'up,3
morrison,1
actually,37
afterward,14
very,167
desolation,1
pale,17
believe,38
sides,1
impudent,2
hated,16
aught,1
ben,134
filtered,1
butterworth,1
unpleasant,1
what's,11
uns,3
getting,12
before,105
snatching,1
sob,2
dwarf,1
same,48
mystic,1
need,12
wide,24
opened,36
clergyman,1
reverence,1
governess,8
hops,2
lilies,8
sayin,6
supposed,2
sleeve,2
we've,6
picture,15
doubt,4
determination,2
england,11
along,14
del-'phin-'iums,1
distance,6
settled,4
lively,4
scuffle,1
buttons,1
open,41
held,43
holding,7
liked,38
thankfully,1
thoughtful,4
met,6
wall,61
stooped,2
delicate,9
sail,1
hurt,4
name,21
cum,1
house,61
stifle,1
both,41
onion,1
gallery,2
mist,8
nervous,6
cry,12
hush-'h,1
xxvi,2
ketched,1
veranda,3
companions,2
knitting,5
rubbing,4
panic,1
home,23
matter,14
tin,1
does,60
crumpet,1
curly,3
cousins,1
taught,7
east,1
father's,4
brocaded,2
removed,2
pleaded,2
difficulties,1
startled,16
day's,4
troubled,9
ceased,7
yorkshire,52
overcome,1
spilling,1
pityingly,1
neglected,2
feet,42
even,82
hungry,18
few,48
doughcake,1
beginning,23
dang,1
tenderness,1
wakened,7
pot,3
part,12
careful,12
brownish,1
anythin,9
strangers,2
mug,3
luxuries,1
person,27
remained,3
mount,1
men's,1
hangings,4
me,300
door,128
get,118
chanting,3
busy,15
slanting,4
lightness,1
ravenous,1
familiarly,1
resented,1
catch,1
hurry,7
leaned,13
gardening,7
kneeling,4
smiling,8
threw,15
shoulder,14
weeks,4
rambling,1
unbelieving,1
shabby,1
crowd,2
hurrying,3
snake,3
magnificently,1
knocked,1
matting,1
packet,1
taken,20
strangely,3
row,3
order,7
grow,45
fond,16
prayer-'meetin's,1
dancing,1
roses,35
tha'rt,20
bent,9
uncurled,1
knowledge,1
hears,1
nearly,22
report,1
spoke,36
thin,32
store,1
mysteriousness,2
noise,6
invented,1
flowerin,1
has,83
wonder,35
also,27
sensiblest,1
ancestors,1
god,4
turning,17
showed,23
paths,8
washing,2
involuntary,1
shy,3
see,205
ride,1
steadied,1
quarreling,1
ones,36
day,102
tired,34
milk,11
anything'll,1
seeing,7
heathen,1
rumors,1
pick,6
perhaps,96
certain,6
thrush,7
shop,3
half-'crazy,1
tonight,1
cascades,1
conceal,1
hoped,7
under,69
hoe,2
standing,33
gift,1
nerves,1
pipe,7
box,3
otters,3
now,107
take,45
raindrops,1
none,14
danged,1
smellin,1
wondered,31
embroidered,3
th,371
their,103
upright,6
terror,4
compound,1
neither,18
arms,13
hills,2
bungalow,7
minutes,30
carried,10
mary's,22
raved,2
wrinkles,1
ventured,5
heavily,5
violet,1
year,24
parson,1
low,32
lay,22
finished,8
mountain-'sides,1
edge,9
shaggy,1
bite,6
shut,34
clusters,1
fastened,3
up-'hill,1
dialects,1
known,14
flushing,2
sent,23
trout,1
smelling,1
scampered,1
drowsy,3
soon,16
colonel,1
doctors,3
pails,1
backs,1
fools,3
tangles,1
moment,47
wine,2
begin,23
sowerby,31
thirsty,2
try,32
love,4
hastily,2
armies,1
there,364
chairs,2
windows,5
fellow,2
partly,3
lips,6
agitated,1
found,92
lowered,1
bed,41
missus,2
trouble,11
gathered,2
crept,9
toast,2
trowel,9
injurious,1
beautiful,25
rustling,4
younger,2
other's,2
efforts,1
anyone,39
alternately,1
beast,1
helpless,3
servile,1
gorse,9
he'd,31
heaps,2
natural,11
sets,2
jerk,1
faced,1
nursery,10
enjoy,4
were,354
since,21
disagreeable,10
scarce,5
sounds,26
shoes,4
flower-'bed,4
second,15
keep,49
muttering,2
self-'absorbed,1
began,102
indignantly,5
crep,1
fantastically,1
laying,1
bleak,1
ten-'year-'old,1
remembers,2
bakin,1
suggestion,2
language,4
quiet,18
loving,1
lace,4
children's,1
highly,4
natives,5
run,33
dead,33
selfish,9
ate,10
possibility,1
seldom,2
printin,1
voyage,2
aloud,6
over,180
brown,10
alone,15
huts,2
majesty,1
corridor,26
passed,20
leaving,2
wailed,2
doesn't,46
people's,2
nudging,1
grayness,2
quite,186
fast,12
luxurious,2
pretend,2
distinguish,1
pulled,12
stiffer,1
waxen,1
cholera,7
pin,3
explained,15
wouldn't,30
blacking-'brush,1
pettish,1
scramble,3
yours,3
hopping,4
happened,25
approaching,1
midday,2
turned,64
greatest,2
your,83
midnight,2
among,18
gentleman,2
easily,4
refuse,1
shaky,1
water-'rats,2
life,23
solemnity,2
fighting,3
hard,16
train,3
died,20
gasped,12
beating,6
swollen,2
little,223
moved,10
grew,20
ashy,1
scorn,1
clutched,4
slunk,1
driven,5
broke,11
seemed,138
tempt,1
wandering,6
medlock,128
wrinkled,1
oppose,1
object,3
breathless,5
declared,1
loud,9
baby,8
dropping,1
glanced,4
party,2
writer,1
parties,2
stiffly,4
snowy,1
sleepy,3
desolate,2
enow,6
remember,19
dinner,13
stomach,3
contained,2
evergreen,2
bit,84
letting,2
cried,62
purple,12
rolled,2
we're,9
comes,14
uncle,6
understand,20
think,127
filled,13
mrs,160
interested,17
cannot,9
hotel,2
impress,1
some,99
brooded,2
everybody,21
bursts,1
obey,2
opinion,3
nicer,11
trembling,3
lifted,16
engagingly,1
tantrum,9
fuller,2
vii,2
shines,2
mood,2
cost,1
fingers,4
them,244
swish,1
kept,24
intention,3
ought,15
thrushes,2
stillness,7
rippling,1
laughing,29
creeping,6
perfectly,2
fairy-'like,1
leg,1
disdaining,1
polite,4
seat,5
accord,1
up,314
improving,1
flies,3
bleat,1
harder,1
superb,1
,26870
missel,10
watching,15
mahouts,1
clergyman's,1
hands,34
bush,18
be,376
oftenest,3
tease,2
cabs,1
used,41
old,72
side,38
tantum,1
followed,11
exhibited,1
tha'st,2
boy,104
fruit,2
chair,31
allow,4
smells,5
germ,1
adventures,1
realize,2
recovered,3
nodded,4
splash,1
seemin,1
came,95
knew,87
peaceful,1
scene,2
voices,7
jump,16
stamping,2
together,32
bloated,1
prayer-'meeting,1
talking,20
for,331
spell,4
beggar,1
you'd,6
tiring,1
platform,1
muttered,2
fair,19
dashed,2
stroke,2
pony,6
waste,3
control,3
follow,1
have,259
switzerland,1
chuckled,8
woman's,1
looks,21
nest-'buildin,3
cries,2
shall,70
nurse,61
peeped,3
whine,1
worst,9
pondered,1
passages,1
bald,1
write,8
he'll,22
marred-'looking,1
saidie,1
thought,164
inn,1
couldn't,22
may,27
foot,8
by,152
lonely,15
scarlet,7
most,33
fauntleroy,1
robins,4
unattractive,2
happy,20
rays,3
cut,9
reflective,2
anyone's,3
grandmama,2
tell,103
four,11
presents,1
imploringly,1
of,1153
black's,1
groanin,1
approved,1
quivering,1
scared,2
please,22
blazing,1
speak,22
blowing,3
hurried,3
choked,4
beauty,5
silently,2
slim,1
girl,28
columbine,2
features,1
hours,12
fall,1
two,65
imagination,2
while,36
stool,8
xxv,2
author,1
cared,2
tiniest,1
swinging,7
bewilderment,1
kill,1
dreamy,2
mortar,1
its,58
air,56
flustered,1
ever,122
woods,2
on,516
flout,1
walled,1
marchioness,1
hide,6
conveyed,1
queer,57
missie,2
talkin,7
sowerby's,7
tinge,1
branches,19
park,9
peculiar,4
xix,2
figure,2
someone'll,1
splendid,5
repeated,4
kiss,6
group,1
regular,2
stolen,1
play,27
good-'tempered,2
wick,9
lord,7
letter,8
fightin,1
beat,7
no,215
actions,1
autumn,5
furious,4
blamed,1
presume,1
sh-'show,1
redder,1
will,125
ann's,1
faith,1
know,176
crown,1
presently,10
five,16
stood,69
officer,4
following,5
waits,1
typhus,1
letters,9
gloomy,5
strange,50
risin,1
immediately,2
satisfying,2
reluctance,1
cottage,33
goods,1
still,73
crosser,2
bedroom,3
nodding,1
unnatural,3
o,153
prettiest,5
result,1
incidents,1
affectionate,3
already,11
lodge,2
nigh,6
murmured,2
feast,1
cross,16
proceeded,2
curiously,10
stockings,4
feeling,20
awakened,8
rainy,4
heather-'bells,1
thanking,1
splashes,1
surely,3
frightfully,1
courageous,2
tightly,2
half-'drowned,1
incantations,1
tire,3
night,38
meal,3
ayah,23
ramble,3
pathetically,1
chest,3
rang,1
v,2
really,52
ears,8
care,33
reason,9
first,97
un,9
learn,12
than,101
smelt,1
weariness,1
shorter,1
asleep,19
woman,32
lordly,1
fiercely,4
other,108
manage,2
breathed,3
sahib,8
governesses,2
pretended,2
chance,6
xv,2
oak,2
place,74
speaking,15
flutter,1
animal's,1
almost,81
liking,2
miss,27
maker,1
authority,1
peach,1
suppose,11
blow,1
shriek,1
teach,2
lass,7
can't,30
pig,5
leave,11
horrid,3
call,17
pullin,1
fleece,1
disturbed,8
bad,16
would,232
stamp,1
riches,2
made,163
king's,2
cock,2
desire,2
never,184
wandered,4
velvet,10
hearing,2
with,506
wink,2
gave,39
springtime,15
x,2
whispers,4
inches,1
brothers,6
give,37
girl's,1
cuddled,1
tastes,1
effect,4
trained,5
horses,4
triumphant,1
tha,228
slamp,1
hate,15
lucky,1
matter-'of-'fact,1
became,16
read,20
learned,6
mention,3
jewels,1
thickly,3
underground,1
meet,4
greenery,1
gratitude,1
so,355
rapture,1
possible,15
sight,22
nosing,1
out,409
emeralds,2
saying,22
hilly,1
spoil,2
tempered,1
months,7
must,98
nobody,21
boarding-'school,1
marmalade,1
glimmer,1
if,515
sallow,3
draft,1
that,780
sings,1
fat,9
when,476
speech,8
faces,8
key,32
temper,10
slowly,49
dig,14
an,586
centuries,1
starve,1
stump,1
passage,7
nobody's,1
xxvii,2
obstinate,2
oneself,1
surly,6
mabel,1
sudden,15
housemaids,2
brother,5
then,164
musically,1
child,60
honey,3
oatcakes,1
answered,136
person's,1
penny,3
we,90
displeased,1
rose,14
course,25
dishes,2
seen,67
spared,1
bright-'breasted,1
amusement,1
creep,2
haughtily,2
deserve,1
daughter's,1
invalids,1
english,6
greenish,1
about,366
boots,3
knocks,1
pillows,3
because,158
hair,20
good-'hearted,1
light,23
staring,8
trailed,1
listen,14
afternoon,27
sorrier,1
station,6
outset,1
rug,3
said,830
irritably,1
purse,1
man's,4
boot,2
surprising,1
swing,1
urns,3
extend,1
camels,3
three,19
prunin,2
needs,3
midst,7
coaxed,1
her,953
mother,103
exclaimed,22
charm,3
manor,18
here,121
riding-'hood,2
confused,1
officer's,3
craven,106
court,1
knowed,18
patience,1
leafless,1
face,117
quieter,2
glance,3
missing,1
methods,1
brushed,1
york,1
chapter,27
grounds,2
hole,16
bread,10
frowning,6
howsoever,1
busily,2
muscles,7
always,107
arranged,2
eagerness,4
walked,41
dickon,281
across,32
rubbed,7
shilling,2
minute,25
screamed,2
silly,7
replied,9
let,64
nine,1
moithered,2
humped,1
sour,16
grunts,1
laurel-'hedged,1
wife's,2
fledge,1
man,48
kicked,1
sort,46
belief,4
uncomfortably,1
tried,19
highroad,1
softened,1
others,9
xxi,2
doctor,16
dolls,2
library,6
stuff,2
go,162
blackberries,1
bored,1
am,118
desperation,1
mistress,52
forgettin,1
fact,21
imposing,1
away,114
weeded,3
live,44
xviii,2
xxiv,2
doctor's,3
woolen,1
plain,20
tend,2
crowded,3
draws,1
marred,1
laugh,28
places,16
into,190
sorts,8
head,85
except,11
managed,2
stage,1
better,48
sound,37
secret,70
tops,4
raspingly,1
during,6
lock,2
hazy,2
exaggerated,1
rage,6
iris,2
castle,1
contents,1
fierce,2
veins,3
taters,2
fireplace,1
sadly,1
poppy-'colored,1
fired,1
xii,2
critical,1
raking,1
standin,1
bak,1
kep,2
lichen,1
entire,3
later,5
it,1356
soil,10
roots,8
strong,33
didna,1
insane,2
swept,7
angry,19
blue,46
at,568
yellow-'faced,1
could,235
nothin,15
expected,5
time,120
bubbled,1
leaped,2
you're,20
majestic,1
people,85
the,2779
sharp,15
dickon's,31
carrots,1
kid,1
follows,1
strangest,5
whitewashed,1
shivering,2
all,319
kitchen-'gardens,3
last,58
trailing,3
vault,3
patched,1
lovely,23
wanting,2
solemn,5
told,82
india,50
indignant,3
grand,13
those,22
only,79
got,110
preparing,2
means,6
striped,1
screamin,1
sympathetic,2
voice,36
winking,1
tapestries,1
led,13
fifteen,1
drank,3
break,7
laughed,36
pleased,23
plainly,3
more,134
delightfulness,1
nicest,2
hid,3
chosen,2
burnett,1
victuals,4
circumstances,1
building,5
pheasants,1
joking,1
ages,1
mole,2
many,47
another,38
hibiscus,1
grinning,2
portrait,1
ladies,3
snake-'charmer,1
ugly,7
step,6
strip,1
sang,12
alarmed,3
lifetime,1
look,172
stiffest,1
thysen,2
likin,1
thee,90
coming,38
stories,10
sits,1
especially,1
around,7
garden,229
particularly,5
between,10
my,151
woefully,1
being,42
received,2
grinned,4
heather's,2
there'll,5
stiller,2
ten,40
pets,1
pink-'cheeked,1
amuse,7
jack's,1
trunks,2
soul,7
boat,1
young,71
teeth,3
shoot,1
ahead,1
dark,25
print,6
played,6
considering,1
decide,1
wert,1
rapturous,1
food's,1
describe,1
bringin,1
sun,37
shuttle,1
massive,2
had,948
hourly,1
etc,1
quality,1
rude,4
unseeing,1
xx,2
insisted,3
diners,1
oh,37
near,41
gain,2
cushions,6
demanded,8
