ebook,1
gutenberg,1
wain-'ropes,1
oxen,1
comfort,2
negress,1
saints,1
butt,1
twentieth,1
spent,1
studied,1
cheaply,1
sacks,1
preserve,1
confession,1
contortions,1
tropical,1
blacks,1
vegetables,1
indians,1
gulf,1
merciful,1
closer,1
glove,1
sneer,1
humane,1
raving,2
gruffly,1
accordingly,1
politeness,1
shrieking,1
overlooks,1
autumn,1
variety,1
wisps,1
oriental,1
europe,1
moidores,1
louises,1
portuguese,1
sorting,2
varied,1
mexican,1
coinage,1
diversity,1
hoard,1
minted,1
piled,1
workmen,1
mass,1
transportation,1
seventeen,1
quadrilaterals,1
coin,2
flickered,1
dereliction,1
imposter,2
cruising,1
superstitions,1
fleet,1
diagonal,1
fault,1
two-'pointed,3
wanderings,2
related,1
nick,1
mopping,1
mizzenmast,1
strangling,1
twitching,1
blundered,1
favour,1
merry's,1
pig-'nuts,2
coolest,1
bargains,1
double-'barrelled,1
accursed,1
overturn,1
probation,1
branded,1
strewn,1
packing-'cases,1
boards,3
shaft,1
sprouted,1
excavation,4
murderous,1
launched,1
treasure-'hunters,2
immediate,1
pains,1
flies,1
madman,1
quivered,1
nostrils,1
extravagance,1
speedier,1
previous,1
impressed,1
conspicuous,1
cottage,1
column,1
clump,1
nutmeg,1
shock,1
comforted,1
halting,1
joked,1
fearful,1
revived,1
scorn,1
older,1
clear-'away,1
surrendered,1
unconquered,1
moaned,1
fixes,1
clefts,1
encouragement,1
singer's,1
clawed,1
countless,1
chirp,1
mounting,1
prospect,1
comin,1
hollered,1
sperrit,5
penny-'pieces,1
nat'ral,2
baccy,1
doit,1
copper,1
allardyce,2
star,1
p'inter,1
rebuffs,1
enveloped,1
slow-'growing,1
bishop,1
rags,1
clothing,3
farthest,1
lend,2
pants,1
ploughing,1
tethered,1
aroma,1
spice,1
woody,1
directions,1
manoeuvred,1
species,1
cordial,1
cliffy,1
sloping,1
adjoining,1
proceeds,1
shovels,1
obediently,1
slung,2
cession,1
unexplained,1
adopt,1
traitor,1
accidents,1
loves,1
campaign,1
prolonged,1
unfitness,1
sentries,1
describe,1
blazed,1
wasteful,1
approach,1
ox,1
fried,1
necks,1
treasure-'hunting,2
perjury,1
wolf-'trap,1
skylarking,1
sorted,1
musingly,1
bidding,2
seeking,1
bolus,1
holus,1
deserve,1
weep,1
rekindling,1
mayhap,1
chuck-'farthing,1
boy'll,1
deliberately,1
twinkle,1
volubility,1
silenced,1
disarray,2
fluttered,1
severally,1
preponderance,1
accomplices,2
restrained,1
hair's,1
disapproval,1
pledge,1
takes,1
proposal,1
bad-'tasted,1
spluttering,1
blood-'guilty,1
charity,1
prescriptions,1
bog,1
malaria,2
slough,1
pestiferous,1
arrant,1
raged,1
sp'iling,1
home-'thrust,1
swallowed,2
pleasantest,1
shave,1
bandaged,1
professional,1
demons,1
alteration,1
nutmeg-'trees,2
lodger,1
pattered,1
awake,1
dollars,2
mid-'leg,1
stealthy,1
gladness,1
environed,1
snored,1
perilous,1
threaten,1
thumb-'nail,1
scratch,1
ash,1
revelation,1
cur'osity,1
more'n,2
bind,1
interference,1
cats,1
inexplicable,2
ague,1
isn't,1
ruination,1
superstitious,1
buoy,1
nice,3
accused,2
stiffest,1
jones's,1
hornpipe,1
bungling,1
sun-'dry,1
trap,1
apprehension,3
grievances,1
outs,1
deposed,2
good'll,1
fool's,1
smartly,1
remainder,1
depytation,1
comical,1
beneath,1
kneeling,2
insubordinate,1
torchlight,1
duskily,2
moment's,1
unaffected,1
caulker,1
messmate,1
saluting,1
cannikin,1
staunch,1
hawkins'll,1
belay,2
blunt,1
removed,2
ill-'looking,1
marlin-'spike,1
bullying,1
vally,1
dissatisfied,1
crew's,1
connived,1
ax,2
remarked,2
nervous,1
whispering,3
unruly,2
leant,1
ray,1
george's,1
gay,1
returning,2
dares,1
a'terwards,1
profession,1
teach,1
decide,1
witness,2
a-'jangle,1
court,1
bygones,2
johnson,1
kelson,1
bargained,1
fishier,1
dog-'watch,1
speaker,1
wot,2
wot's,1
threat,1
incensed,1
ungrateful,1
smollett's,1
paler,1
flushed,2
insolence,2
perish,1
tenfold,1
bread,3
realized,1
lighting,1
assured,2
sundays,1
capture,1
torch,8
recoiled,1
sleepers,1
refrain,1
announced,1
bark,1
mill,1
tiny,1
pecking,2
infamous,1
reassuringly,1
snoring,1
surer,1
convenient,1
mellow,1
strongly,1
chequered,1
plateau,9
moonshine,1
tripping,1
destination,1
cleft,2
impatiently,1
circumspectly,1
spurs,1
two-'peaked,1
drain,1
clenching,1
achievements,1
empty-'handed,2
shallow,1
fleeting,1
mantle,1
flowery,1
glade,1
accomplish,1
extent,1
belly,1
halyards,1
meddle,1
doused,1
warded,1
patterns,1
western,3
fishes,2
bald,2
tremulous,2
floating,1
sounding,1
sack,1
life's,3
life-'size,1
passenger,1
bled,1
overhanging,1
jerk,1
oddly,1
desisted,1
pushing,1
failed,2
murmur,2
sufferings,1
slaughter,1
drowned,1
huddled,2
successful,1
bay,4
perch,1
curse,1
owing,1
escaped,1
pang,1
stored,1
younker,1
articles,1
dagger,1
perplexity,1
laborious,1
equalled,1
working,1
painfully,2
recharge,1
creeper,2
upturned,1
upward,1
smaller,1
rattled,2
sojourn,1
scupper,1
splashed,1
canted,2
ultimate,1
wildly,1
played,1
game,3
feints,1
waited,1
palms,1
inches,1
inclination,1
bland,1
furtively,1
ensign,1
butcher,1
weapons,1
saved,6
leapt,2
charging,1
creak,1
interested,2
stem,3
breathlessly,1
larboard,1
cat's,2
plot,1
pet,1
root,1
wreck,4
invention,1
narrower,1
thanky,2
southern,6
thickly,2
certainty,2
shaving,1
subaltern,1
handled,1
entrance,2
tide's,1
foolery,1
goodness,1
coolly,1
knives,2
mercy,2
god's,2
ironical,1
sin,1
mistake,5
as'll,2
gum,3
favourite,4
reappearance,1
spared,1
considered,1
desired,2
victim,1
bosom,3
scuttled,2
prompt,4
embarrassed,1
whip,1
sperrits,2
waste,2
parties,1
killing,1
unfort'nate,1
blinking,1
rule,1
partic'lar,1
uncomfortable,1
trials,1
smote,1
serving,1
craftily,1
derision,1
dispatched,1
conquest,1
quieted,2
smitten,1
sunshiny,1
ends,2
rocky,1
bowling,1
admirably,1
straighter,1
marish,1
aid,1
mother's,2
permitted,1
subsiding,1
villain,1
hopes,1
ch'ice,1
infernal,1
tie,1
far's,1
irelander,1
flowers,2
o'brien,8
corpse,1
feebly,1
talks,1
s'pose,2
warn't,2
grunted,1
stock,3
bunch,1
foraging,1
barrels,2
rapid,1
cellar,1
umber,1
obscure,1
bottles,2
dozens,1
bulkheads,1
consult,1
ruffians,2
lockfast,1
lurched,1
utter,1
main-'mast,3
ringlet,1
canting,2
faked,1
sliding,2
cripple,2
teeth-'disclosing,1
sidling,1
bucking,1
crucifix,1
sickening,1
swabbed,1
after-'deck,2
mainsail,1
charged,1
ungodly,1
panting,1
lodged,1
jib-'boom,1
station,1
immensely,1
boiling,1
separated,1
redoubling,1
stock-'still,1
banner,1
presented,1
ankecher,1
impulse,1
revolved,1
naturally,1
chatting,1
chose,1
corresponding,1
batten,2
fathom,2
banged,2
glisten,1
breaker,1
gained,3
intermittent,1
towed,1
equal,1
repetition,2
swoops,1
skipping,1
crown,2
town,2
presently,2
jibs,3
main-'sail,6
guided,1
entire,3
ache,1
combined,1
dried,1
sea-'water,2
waves,3
promontory,1
infallibly,1
gain,1
visibly,2
tiring,1
attitude,2
airy,1
threaded,1
sea-'cap,1
horribly,2
interfered,2
trough,1
subside,1
summit,4
securely,1
contrariety,1
kindlier-'looking,1
attempt,1
highest,1
reserve,1
sets,1
perils,2
hammer,1
confront,1
barkings,1
privileged,1
snails,1
slimy,1
crags,1
reverberations,1
spouted,1
fringed,2
elbow,3
mizzen-'mast,2
haulbowline,3
sea-'tossed,1
midst,3
occasional,2
numbness,1
weariness,1
sprays,3
wetted,1
billows,3
recommended,1
drunkards,1
shout,3
degrees,3
darting,2
yaw,1
muttering,1
southward,2
stagger,1
whirled,1
phosphorescent,1
shed,1
slightly,1
dooties,1
yawed,1
wrestle,1
skiff,2
unsteady,1
splash,2
owes,1
level,1
humour,1
commanded,2
cord,2
trade,1
impulsion,1
quivering,1
neighbour,1
swamped,1
fiend,1
sidled,1
callous,1
losses,1
appropriate,1
sourly,1
ditty,1
singer,2
ascent,1
droop,1
keenly,1
droning,1
liberty,1
burning,2
glow,6
hailstones,1
tipsy,1
downhill,2
drunken,3
coxswain's,4
lightened,2
sever,1
strand,1
trace,2
puff,1
meditating,2
nightfall,1
design,1
pits,1
abandon,1
mid-'calf,1
kicking,1
chattered,1
bowstring,1
hawser,6
fairway,1
seaway,1
retreating,1
reflection,2
indicated,1
blur,1
defeated,1
boy's,3
stumblingly,1
blackness,3
absolute,1
dwindled,1
darkness,7
watchmen,3
foe,1
prevent,1
notion,5
britons,1
stretcher,1
thwart,3
extremely,1
hair,3
lop-'sided,3
home-'made,3
gipsies,1
gross,1
placed,1
underwood,2
strikes,1
turf,1
scrub,1
holes,1
master's,1
perched,2
unearthly,1
upwards,1
stride-'legs,1
cap,6
bulwarks,7
recognize,1
truck,1
portrayed,1
variable,1
apprehensions,1
foam,3
horizon,1
draughts,1
sunny,3
ascend,1
folly,2
thickest,2
antelopes,1
helping,1
ascertain,1
divides,1
squalls,2
scheme,3
tortured,1
befall,1
over-'bold,1
foolish,1
escapade,2
disgust,3
grilling,1
ablaze,1
patch,1
cheers,1
occurrence,1
thunder-'struck,1
consulting,1
unobserved,1
bargain,8
flea-'bite,1
torn,2
badly,3
lung,1
shoulder-'blade,1
fatally,1
grievous,1
wounds,1
maker,2
fractured,1
skull,1
apoplectic,1
lingered,1
breathed,1
starting,2
odds,5
stunned,1
survivors,2
boarder,2
unaccounted,1
moonbeams,1
disposed,1
daubed,1
victory,3
posture,1
headlong,1
impending,1
flashing,2
treasure-'house,1
jewels,1
mechanically,1
sprawling,1
assailant,1
knuckles,2
snatching,1
groan,2
comparative,1
praise,2
firing,2
a-'treasure-'hunting,1
treaty,3
unharmed,1
senseless,1
stab,1
hunter's,1
upside,1
grasped,2
bandages,1
marksmen,1
supplied,3
settling,2
rifle,1
huzza,2
rats,2
a-'doin,1
annoyed,1
flashes,2
muttered,2
betrayed,1
vanished,1
possessed,2
crossing,1
bullets,2
musketeers,1
doldrums,1
craning,1
jackets,1
logs,1
melting,1
draught,2
grinding,1
clearing,3
expose,1
embers,4
toss,2
piles,1
night's,2
continuously,1
built,2
rounds,1
choose,6
spare,6
loopholes,3
cock,3
king's,1
lucky,5
die'll,1
devoutly,1
ye'll,1
full-'stretch,1
imprecations,1
foulest,1
wrath,2
sovereign's,1
flown,2
ashes,1
hazing,2
somewhere,2
affy-'davy,2
choice,1
eminence,1
stoving,1
examination,1
lighted,2
heaving,1
nettled,1
rudiments,1
blazes,1
carcass,1
avast,2
abe,1
torture,4
calmly,1
particle,1
husky,1
needn't,3
inkling,1
guessed,1
riddle,1
handspike-'end,1
scramble,1
yours,7
bidden,1
mutineer,2
treated,2
laced,1
immense,2
boast,1
style,1
starboard,4
handsomest,1
struggle,1
incline,1
racer,1
steepness,1
lasses,1
ornamental,1
fixed,3
surmounting,1
vigour,1
absurd,1
cavalier,1
attempting,1
sketched,1
submit,1
desertion,5
puppet,1
promotion,1
treacherous,2
indoors,1
unhealthy,1
feverish,1
knee-'deep,2
rosily,1
tops,2
cloudless,1
habit,1
marrow,1
pierced,1
coldest,1
rubbing,1
truce,6
wakened,3
buccaneering,1
unprovided,2
discussion,1
camped,2
cowards,1
tale,1
roaring,2
wooded,2
severely,1
overhead,2
discuss,1
eaten,3
nutritious,1
swarmed,2
snuff,1
biting,1
smoked,1
lending,1
dig,4
firewood,7
composure,1
watches,1
blues,1
cub,1
bandage,4
coughing,1
chimney,1
porridge,1
dancing,4
suppers,1
sprinkled,1
rude,2
dense,1
predicted,1
creeping,3
ferns,2
geese,1
moss,1
washed,1
fulfilled,1
soil,2
lofty,1
condition,1
contain,1
basket,1
drone,1
coats,1
sunk,2
knocked,5
kettle,4
artificial,1
welled,1
unsquared,1
warmly,2
crisis,1
shoreward,1
skirted,1
nature,3
peculiarly,1
isolated,1
half-'water,1
ambushed,1
children,1
door-'post,1
axes,1
barked,1
demolishing,1
clattering,1
deed,1
piracy,2
ruffling,1
oftenest,1
missiles,1
crashing,1
reports,3
pitched,3
liver,1
cannonball,1
widders,1
there'd,1
sell,1
anxiously,1
observation,2
kiss,1
wheer,1
smouldering,1
nips,1
peril,2
genteel,1
halt,2
placidly,1
thomas,1
reader,1
carpenter's,1
magazine,1
wading,3
carrying,4
israel's,1
mission,2
heavier,1
volunteers,1
swallow,4
uncovered,3
cricket,1
horse-'play,1
gall,1
policy,1
invisible,1
flush,2
descended,3
weakened,1
trial,2
blaze,3
plumped,1
simply,1
ladder,2
extra,1
gifts,1
allowance,1
tracts,1
scratching,1
months,2
divinity,1
chiefs,1
owner,3
re-'entered,2
relieve,1
bent,3
climbing,3
verge,1
angle,3
felled,1
fir-'tree,1
living,2
longish,1
log-'book,1
fence,2
colours,9
shoal,1
wonderfully,1
amen,2
howsoever,1
kissed,1
serviceable,1
narrows,2
sullen,1
oldest,1
doggedly,1
silently,2
trojan,1
remains,2
stretch,3
lain,4
red-'cap,3
acquiescence,1
molestation,1
suffered,1
stumbled,3
single-'handed,1
schoolchildren,1
rejoice,1
tack,5
hesitation,3
shots,3
laughing,2
enclosure,6
breasted,1
continuous,1
branches,1
footfalls,1
divided,3
strip,1
express,1
provisions,2
waded,4
exchanged,1
brush,5
valet,1
bibles,1
polite,3
concern,1
bandoleer,1
guns,4
wade,2
partly,6
facing,1
disaster,2
source,1
spread,3
delaying,1
delayed,2
gig,2
neck's,1
continually,2
clustering,1
strokes,1
match,2
night-'cap,3
lady's,1
mustn't,2
trooping,1
echoed,2
stooped,1
atmosphere,1
spin,1
consequence,2
rammer,1
foes,1
slewed,1
contrived,1
vegetable,1
nicely,2
priming,4
cool,9
plumping,1
brandy-'faced,1
constant,1
offered,1
rowing,2
direct,1
boat's,1
hoarsely,1
truantry,2
gunner,2
ones,2
axe,1
round-'shot,5
flesh,1
bombardment,2
minds,5
current's,1
dodge,3
whereas,1
leeward,2
tipped,2
angles,2
eternity,1
tan,1
sweeping,3
ricochet,1
gaining,2
monkeys,1
southwestern,1
steering,4
westward,3
soaking,1
breeches,1
shipped,5
good-'humoured,1
lipping,1
gunwale,3
overloaded,3
fifth,1
you's,2
lot,7
gray,35
handier,1
counter,1
rustling,1
retreated,1
eastward,1
brisker,1
faintly,1
faintness,1
half-'dozen,1
shooting,3
straining,1
range,2
fairer,2
numbers,2
camp-'fire,4
sculled,1
chilled,1
bestowed,1
pausing,1
palisade,10
acted,1
stores,14
tossed,4
laden,3
journey,2
provision,1
whereupon,1
warily,2
popped,4
tumbled,5
consultation,2
shiny,1
description,1
principal,2
latter,3
invaluable,1
turns,1
paddling,1
apologetically,1
kegs,1
biscuits,2
tins,1
stern-'port,2
protection,1
mattress,3
muskets,10
gallery,4
gen'lemen,1
accomplishment,1
lively,2
settled,5
stoutish,1
plan,5
half-'idiot,1
engage,1
nigh-'hand,1
harm,3
dilly-'dally,1
dot,1
fontenoy,2
cumberland,1
duke,1
highness,1
ammunition,2
partridges,1
log-'house,14
besiegers,1
completed,2
space,2
musketry,1
captors,1
loghouse,1
primed,1
awaking,1
valleys,1
steered,1
hark,1
differently,1
ought,3
hash,3
discussing,1
quest,3
jolly-'boat,7
strain,4
river,4
scoundrels,1
laughable,1
peacefully,1
stench,1
nasty,1
helplessness,1
trim,2
union,2
volley,4
cannon-'shot,1
extremest,1
expecting,1
short-'handed,1
chapel,1
brewed,1
oho,1
doo,1
sunday,1
thens,1
prosecute,1
cetemery,1
mastheaded,1
natur,3
theer's,1
trotted,1
bellowed,2
musket-'shots,1
echoes,2
nip,1
prayer,2
rain,2
musket,10
benjamin,2
unkind,1
scarf,2
shrewdness,1
toon,2
livery,1
gate,1
liberal-'minded,1
clove,3
ringleader,2
gasped,2
ally,1
inspiration,1
restored,1
stars,3
cave,7
statement,2
solitude,2
airily,1
careless,2
further'n,1
chuck-'farthen,1
catechism,1
civil,2
slyness,1
perked,1
childish,2
showing,3
generally,1
giant,1
smoothing,1
jacket,4
woke,1
many's,1
quickening,1
cheese,8
mightn't,1
diet,2
sore,2
berries,1
agone,2
marooned,3
accoutrement,1
brass-'buckled,1
gaskin,1
incongruous,2
various,2
system,1
tatters,1
raggedness,1
fancied,3
furiously,2
beggar-'men,1
startling,1
lips,4
christian,4
rusty,2
slash,1
supplication,2
clasped,1
concealed,3
resolutely,1
glowed,2
recollection,2
owls,1
method,1
revive,1
thence,3
ace,1
bowls,1
cannibals,1
recall,1
stooping,5
red-'hot,1
vapour,3
manlike,1
ironically,1
flitted,1
struggling,2
adversary,1
circuit,1
retrace,1
dangers,2
bristling,1
prefer,3
nondescript,1
apparition,1
wise,2
instinctively,1
bounding,1
fleeing,1
gravel,2
limits,1
thumping,1
forest,1
live-'oaks,2
starvation,1
fatal,1
snipe's,1
fiends,1
lent,1
extricate,1
slain,2
heated,1
modulated,1
bloody,2
cruelly,2
powder-'horn,1
persuade,1
shadow,15
grass,3
wisp,1
grain,1
blood-'stained,3
guarding,1
murderer,1
topsy-'turvy,1
maroon,5
whirling,1
defenceless,2
agile,1
recover,5
hurtling,1
violently,1
tricked,1
missile,1
sweetly,1
revengeful,1
forwards,1
armpit,1
hero,2
experience,1
groans,2
that'll,3
gleaming,1
pin-'point,1
warier,1
gymnast,1
yard,1
defies,1
snake,1
resting,1
winked,2
disturbed,2
caking,1
surges,1
wear,2
boom,5
rustle,1
empire,1
re-'established,1
yell,1
simultaneous,1
insects,1
mothers,1
marsh-'birds,1
long-'drawn,1
mess,1
mistook,2
embarrassment,1
respectful,1
lots,1
bran,1
changes,2
taut,4
crow,1
where'd,2
avoided,1
a-'speaking,1
dust,3
smooth,7
block,18
closely,3
aperture,1
latter's,1
fours,2
councils,1
sheet,3
overhear,1
ceasing,1
foolhardy,2
swamp,4
mainstay,1
speakers,2
blasts,1
distinct,1
unmoved,1
earnestly,1
scattered,2
stream,4
squatted,1
live-'oak,1
deceived,1
miry,1
circling,1
screaming,2
flew,5
haze,1
shoot,1
outline,1
soaked,1
swamping,1
taller,1
spreading,3
thatch,1
twisted,1
proceeded,6
curiously,1
brambles,1
grew,10
oaklike,1
rattle,5
enemy,5
cunning,1
deadly,5
hissed,1
hither,1
wretchedness,1
brutes,1
brow,4
dumb,2
uninhabited,1
herself,3
vividly,1
flourished,2
growth,1
oak,1
jokes,1
parmesan,1
unlike,3
pines,11
sandy,7
swampy,2
outlandish,1
vengeance,2
bulrushes,2
lillibullero,4
tract,1
marshy,1
plunged,3
branch,2
boarders,1
shore-'side,3
shot,36
lighter,2
raced,1
laugh's,1
fore-'sheets,2
jiffy,1
contributed,2
mad,3
embark,1
including,1
ringleaders,1
intervals,2
mutineers,23
disaffected,1
whipped,6
flying,6
faraway,1
echo,5
sulks,1
landed,5
steerage,1
gunn's,10
silly,1
conscious,1
navigation,1
headers,1
gigs,14
ashore'll,1
sorts,1
mild,1
silver'll,1
tiff,1
smother,1
game's,2
pikes,1
anxiety,2
obvious,4
features,2
gloomy,3
discontent,1
cheeriest,1
loophole,10
smiles,1
outstripped,1
example,3
advice,3
spending,2
fowls,1
group,3
perceived,2
thunder-'cloud,1
freshly,1
spinning,4
mend,2
boozy,1
infection,1
carelessly,2
grudgingly,1
growling,2
threatening,2
fortunate,1
became,4
fever,7
egg,1
tasting,2
sniffing,2
sodden,1
stronghold,1
stagnant,1
beaches,1
booming,2
anchored,3
pond,1
exploration,1
emptied,1
swamps,2
rivers,3
amphitheatre,1
flat,4
high-'water,1
wheeling,2
haft,1
plunge,3
dug,2
damping,1
ebb,8
chains,3
conned,1
nodding,2
cords,1
goatskins,1
relaxed,1
willingly,1
fiercely,2
sweltering,1
volunteered,1
haven,1
narrow,4
vessel's,2
goodish,2
warped,1
boats,15
morning's,1
gettin,1
dreary,1
onward,1
shouldered,2
boots,3
surrounded,2
stomach,1
tis,1
qualm,1
tight,3
cling,1
manufactory,1
fruits,3
gaping,1
groaning,3
banging,2
upstream,1
tearing,3
booms,1
scuppers,4
letting,1
statue,2
pedestal,1
configuration,1
cognac,3
strangest,1
tools,2
flattered,1
likewise,2
fluttering,1
succeeded,6
tallest,1
spires,2
vegetation,2
uniform,1
colouring,1
clumps,2
out-'board,1
out-'topping,1
family,4
pine,6
framework,2
streaks,2
tint,1
covered,3
quoth,1
grey-'coloured,1
eastern,4
bend,1
south-'east,4
although,10
nineteen,4
rely,2
twenty-'six,1
helpless,4
noticing,1
rotting,1
shy,1
trying,8
main-'boom,1
englishmen,1
counting,2
treasure's,1
grandly,1
yard-'arm,2
remarkably,1
he'd,3
await,1
ass,2
soldier,1
poured,1
conversation,2
lap,1
smoking,5
raisins,3
wine,8
plotting,1
confess,3
cheer,3
sea-'cheer,1
sighted,5
groped,1
snakes,1
communicated,1
rejoined,1
slave,1
casting,1
card,1
interrupt,1
obsequious,1
friendliest,1
snack,1
bells,3
exploring,1
obviously,1
makes,2
freedom,1
goat,5
climb,1
shudder,6
grizzled,1
power,6
duplicity,1
cruelty,2
scamp,1
horror,5
half-'frightened,1
haul,3
current,20
hide,2
notes,1
exception,1
arrived,1
doomed,1
asking,4
grateful,1
cleaned,1
mizzen,2
south'ard,2
thimbleful,1
strangely,2
row,1
fore-'mast,1
slopes,2
trader,1
ahead,3
aback,3
points,3
nodded,3
recovered,4
streamlet,1
peak,4
rising,5
necessaries,1
apart,3
south-'west,3
downhall,1
reloading,1
simultaneously,1
riches,1
congregated,1
eyelids,1
dived,1
promised,1
slipping,1
hamlet,11
faithful,6
nearness,1
afire,1
hence,1
them'll,1
during,4
sheltered,1
fill,3
solemnity,1
fighting,4
hovering,1
descend,1
seemingly,2
lead,5
familiar,3
wait,6
adding,2
unlooked,1
goat-'skin,1
spanish,6
relate,1
a-'coming,1
pocket,13
within,9
parlyment,1
complained,2
kind,28
bones's,3
p'int,3
drying,1
ye,4
can't,27
tore,2
blunt's,1
soon's,1
we'd,3
efforts,1
anyone,8
dutchmen,1
triumph,1
ancient,3
cook,23
tragic,1
first-'rate,1
reckon,25
pickles,1
spat,2
climate,1
know'd,1
stirrup,1
strolled,1
quarter,7
finer,1
usually,3
jealousy,1
a-'warning,1
girl's,1
rigging,1
goodwill,1
weighed,2
fate,4
banks,4
briefly,1
derisively,3
begin,3
slep,2
desires,1
fort,1
first,100
reason,6
puts,4
shirts,2
figure,8
fling,3
slights,1
black-'hearted,1
overheard,5
flattery,1
rogue,2
now,272
stole,3
arrangements,2
dog,32
begged,3
wines,2
creaking,1
starving,2
variously,1
hatches,2
hip,2
letter,7
lord,2
babbling,1
risked,1
england's,2
earning,1
tain't,4
hail,2
drenched,2
accounts,1
davis,1
fatigue,1
admiration,1
slumber,1
sink,2
fond,1
carriages,1
upon,152
misgave,1
walrus,3
pluck,3
christened,1
wriggling,1
castle,1
dice,1
corso,1
pigeon,1
bucket,1
languor,1
knowed,6
whispered,2
latin,1
squire's,11
ampytated,1
link,1
leer,1
destroyed,2
surgeon,1
cast,5
trust,8
broadside,5
concealing,1
depended,2
irreverence,1
uppermost,1
shown,4
asleep,2
scarce,12
especially,1
around,17
excepting,1
reappeared,2
watching,11
sacrificing,1
helm,3
bravest,1
elated,1
words,40
spray,3
whiff,3
breeze,16
heading,1
you,825
morrow,3
latest,1
lashed,1
largest,1
outward,2
evenings,1
speed,8
trades,2
wrench,1
treachery,4
stepped,6
point,31
perished,3
wrought,1
spoil,1
bench,1
waist,6
apples,1
duff,3
pork,10
grog,4
extraordinary,2
tumbling,8
uneasy,3
explode,1
chin,3
forever,3
married,2
she'll,2
putting,4
suddenly,28
proud,2
details,3
behaved,2
divide,1
brisk,4
bilge,2
slunk,1
driven,3
told,48
solemn,2
wherever,3
position,16
custom,2
mixed,1
chaplain,1
add,6
scholar,1
swear,4
darby,5
unheeded,1
burnt,1
peck,1
hour's,3
rebellious,1
sugar,1
smelt,3
fifty,5
leeway,2
wrecked,1
immediately,6
fishing,2
dick,26
providence,3
choicest,1
madagascar,1
prodigious,2
she's,5
raging,2
anybody's,1
innocent,2
maybe,16
afresh,1
admixture,2
handkerchief,4
tended,1
forty-'five,1
rapidity,2
brightness,3
v'yage,1
clouds,2
calls,4
unarmed,3
heads,7
tailing,1
heaviest,1
cooking,2
reparation,1
afloat,1
muddy,1
tobacco,11
bulkhead,2
lanyard,2
there,231
leads,1
confidant,1
beaded,1
title,1
lurch,2
anderson,8
advance,3
toast,2
irons,4
seein,1
runs,6
useless,7
tasted,1
hispaniola,53
drunkenness,2
neatness,1
bolder,3
beat,5
lambs,2
crime,1
detail,1
mayn't,1
flit,1
sitting,15
sails,8
dripping,2
exciting,1
limbs,1
buildings,1
drove,1
choked,1
unbroken,3
stave,1
anywheres,1
dawn,1
queer,1
dog-'tired,1
suffice,1
besides,18
named,3
pain,5
skipped,1
gauge,1
deeply,1
crowd,2
hurrying,2
amidships,1
call,18
swivel,2
examining,3
snatched,2
stow,2
shifting,1
preferring,1
companion,15
forelock,3
shortly,1
tide,17
volition,1
rolled,9
we're,14
talking,14
cleverness,2
dosed,1
fancy,25
monkey,3
shore-'boat,1
opening,1
jingle,2
figurehead,1
heels,2
faint,6
benefit,1
portobello,1
round-'house,1
porch,6
joined,4
pinnacle,1
after-'part,1
inboard,1
yo-'ho-'ing,1
sun-'dried,1
intolerable,1
lease,1
heights,1
notions,2
barn,1
discharged,1
arrange,1
naked,1
remind,1
loudly,6
excuse,5
galley,5
concession,1
seaman's,2
justified,1
therefore,4
swish,1
negroes,1
kept,42
intention,2
miscreant,2
mutiny,6
bravo,2
provided,2
show,9
friend's,1
doesn't,2
clothed,1
broached,2
berths,4
lurking,1
berthed,1
brandy,12
bringing,1
shouldn't,5
meanwhile,5
slight,2
attention,1
fastenings,1
weight,5
blabbed,1
bounded,1
begging,3
voyages,1
require,2
feeling,5
grin,1
craft,4
coasts,1
question,5
sweet,7
guest,2
telling,4
seaworthy,1
hardly,13
sharp-'looking,1
employer,1
patchwork,1
winds,2
swung,8
assistance,3
keel,3
grated,1
bore,6
quaint,1
general,2
discoveries,1
know,92
prove,5
faith,4
book,5
departed,1
regretted,1
fingering,1
knoll,4
weren't,4
perfect,4
carts,1
quart,1
mirror,1
appears,5
nautical,1
amongst,1
repeating,1
brooded,1
everybody,2
sleeper's,1
secret,7
discharging,1
tonnage,1
least,17
interesting,2
nations,1
mirth,1
observe,1
bustling,1
obliged,1
joke,1
scuffle,2
buttons,3
arrive,1
emboldener,1
striking,3
me's,1
serious,2
soft-'headed,1
peal,2
pained,1
cheeks,6
powerful,1
grave-'stones,1
jaw,3
slab,1
shakes,4
mariner,2
hobble,1
paint,2
tells,2
confounded,1
scolded,1
track,1
confessed,1
wings,1
responsible,1
clever,3
sane,2
i'm,60
cabins,1
deep,8
nor'ard,2
reawakened,1
lined,2
thoroughly,3
screwed,1
reverberation,1
slapping,1
a-'going,3
promptly,1
phrases,1
ben's,1
stupid,3
flattering,1
whisper,3
yourselves,2
confidential,2
whisker,1
through,67
asked,42
quickly,1
lubber,5
stays,3
toes,1
rocking,1
suitable,1
tailors,1
forty,4
yarn,3
vile,1
ship'll,1
obeying,1
a-'talkin,1
pretty,29
fun,1
dead-'eye,1
fetched,1
expected,1
powers,11
sentry-'go,1
didn't,6
island,85
drag,1
wicked,3
salute,4
growing,11
lion's,1
sheepishly,1
progress,1
material,1
mahogany-'faced,2
smothered,1
grey-'haired,1
morgan,30
train,2
hard,21
harry,2
giddy,1
tree,9
attracted,1
keg,2
firm,3
grown,4
offering,2
customer,1
rode,3
trelawney's,4
learned,5
mention,3
burthened,1
deck,38
tables,5
cheerful,1
intelligent,1
haunted,3
ham,1
happened,2
hopping,1
covering,1
crutch,24
noises,2
sanded,1
cleanly,1
painted,2
adopted,1
safe,14
busiest,1
brows,1
bales,1
fail,1
prosperous,1
opportunity,2
smile,6
sucking,1
wrist,4
somewhat,9
overjoyed,1
breakfasting,1
capital,1
sequins,1
guide,2
name,32
sea-'calf,1
foolishly,1
swabs,4
pig-'tailed,1
loan,2
gentle,4
delighted,1
another,86
ringlets,1
curled,2
bell,1
rings,1
ocean,2
masses,2
spider's,2
masts,2
oysters,1
thicker,1
lit,3
sailors,4
feed,1
bushes,6
hi,1
countries,1
multitude,1
docks,2
m'graw,3
elect,1
idly,1
street,4
warning,4
circumstances,2
building,3
folded,1
large,10
ripple,3
wasn't,6
ribs,2
unsailorly,1
punch,1
awakened,2
possession,7
dale,1
blandly,7
axing,1
interests,2
dozed,1
stout,5
trapped,1
dusk,3
picked,5
rollers,2
argued,1
born,5
profit,1
setting,2
missing,2
opportunities,1
amiss,1
dog's,1
situation,4
agitated,1
sea-'cloak,1
found,64
stuttering,1
kidd's,3
capable,1
seeing,6
tongue,5
apprentice,1
beautiful,4
public,1
darkening,1
youngsters,1
straight,20
slam,1
everything,4
law,1
babby,1
under-'gamekeepers,1
lament,1
t,3
sends,1
whistling,6
guessing,1
gallipot,1
places,16
excused,1
me'll,2
contrary,1
banker's,1
thoughtless,1
man-'owar,1
pipes,1
aware,1
execution,3
radiance,1
varying,3
arrow,11
respects,1
accent,1
miles,8
weather,9
leisurely,1
plodding,1
guard,9
respect,1
twitch,1
post,4
trembling,4
glory,1
fro,13
tramping,1
john's,5
heavy-'scented,1
bull,1
bowsprit,4
occupy,1
spirits,9
magnificent,1
fight,12
live,6
threateningly,1
trusts,1
encourage,1
pension,1
his'n,1
recommendation,1
scores,1
hulking,1
blows,8
regarded,1
bailey,1
pure,1
wisely,1
softly,4
touched,3
remarkable,5
senses,2
wet,2
itself,14
livid,1
worry,1
tallow-'faced,1
except,3
odious,1
wished,2
annoyingly,1
ample,2
hitch,5
sea-'chest,5
deny,5
gardener,1
fellow's,2
sich,4
however,11
stamping,2
calumnies,1
transparent,1
declaring,1
seated,6
prejudiced,1
read,5
sundown,3
blade,3
attempts,1
growled,4
mystery,2
thirst,1
interrupting,1
possibly,2
sea-'talk,1
blades,1
note,7
sign,14
everyone,6
explanatory,1
cap'ns,1
gunnery,1
literally,1
throughout,2
safely,2
human,5
steer,2
bleared,1
talked,3
rattling,4
inspection,1
laugh,6
tons,1
delicate,1
violence,2
produced,1
sail,20
he,901
lies,7
baffling,1
sabre-'cut,1
fitted,2
continued,27
bought,1
p'ints,1
push,1
shirt,2
slapped,2
send,5
profoundly,1
delightful,2
anchor,14
inspired,1
important,2
needles,1
j,4
reading,1
dignity,1
disposition,2
dedicated,1
wring,3
tom,22
actual,1
windward,2
picter,1
seas,2
animals,1
savages,1
sonny,5
isle,4
retold,1
figureheads,2
prospects,3
slipped,10
changing,6
anxious,3
heart,35
enjoyed,1
encountered,1
surface,11
unfaithful,1
housekeeper's,1
stumps,2
lantern-'bearer,1
grapple,1
kindness,3
allies,1
sittyated,1
monstrously,2
hour,8
realize,1
imaginable,1
adventures,6
beetling,1
charming,2
blank,3
sea-'dreams,1
easterly,1
remedies,1
cask,4
gamekeeper,4
physician,1
chill,6
back,108
us,166
sheath,1
intended,3
alike,1
liker,2
fighting-'cocks,1
dingle,1
imagined,2
hitherto,1
able,6
starved,3
they'll,3
look,56
propped,4
bail,3
seem,1
drake,1
settle,4
sea-'officer,1
duck,2
accompanied,1
finding,3
favourable,2
fitting,1
joyce,19
rogues,3
redruth,22
pardon,6
days,11
weeks,8
incomprehensible,1
start,7
delight,2
cape,6
child's,1
monsters,1
discovered,3
they'd,1
inlet,11
father's,1
east,16
trend,1
baking,1
using,1
approval,1
cache,2
regret,3
e,12
convinced,2
pleasant-'tempered,1
n,8
reward,1
deception,1
ended,2
beheld,8
bachelors,1
pursue,1
bearing,6
bill's,3
doubtful,2
beside,22
desert,2
guilty,2
southwest,1
spoonful,1
north,25
equipped,1
hearkening,1
since,31
declare,3
nine,8
despised,3
recent,1
bays,1
effectual,1
soundings,2
thousandfold,1
seal,1
english,5
growl,1
behold,2
reducing,1
leaves,7
faces,9
stuck,4
addition,1
brandy's,1
noted,1
volume,1
traveller,1
commander,1
clearer,2
feared,13
staggered,1
ringing,5
scoundrel's,1
towns,1
tail,4
i'd,12
active,1
additions,2
total,1
grand,1
prophetic,1
city,1
separate,3
tooth,1
pipelights,1
say,89
prizes,1
addressing,2
lasted,2
entry,2
somewheres,1
scream,4
caraccas,2
diminished,1
cause,2
crazy,1
ruined,2
explain,1
quartermaster,4
planks,2
become,3
june,1
increased,5
inmates,1
plenty,5
common,6
sand,38
rights,2
originally,1
entries,2
fouled,2
twelve,3
enchantment,1
wondering,4
roll,1
itt,3
mark,14
confoundedly,1
idleness,1
target,1
writing,3
locker,1
distressed,3
scraps,2
drinking,6
debts,1
claim,3
capstan-'bars,1
were,311
continual,2
sport,1
kindly,4
wedged,1
try,5
offence,2
beached,1
coil,2
murder,3
foggy,1
sealed,4
sewn,1
earlier,1
customers,2
dolts,1
assure,1
afoot,2
prematurely,1
appended,1
dock,6
fit,11
bleeding,2
trod,1
belt,5
hot-'headed,1
carcasses,1
anyhow,2
new-'found,1
spain,1
beam-'ends,1
liked,6
rum-'puncheon,1
cowardly,2
hesitate,1
piety,1
englishman,1
prodigiously,1
clapped,3
further,13
wants,1
neglect,1
hadn't,4
recklessness,1
supper,5
diver's,1
sidetable,1
skimmed,1
wake,3
earned,1
propose,4
deer,1
burnished,1
quietly,11
doing,14
hiding-'place,2
pew,20
itching,1
otherwise,3
ale,3
praying,1
willing,3
armchair,1
ring,1
perceive,1
thereupon,2
cockroach,2
becalmed,1
powdered,1
presumed,1
drawed,1
instrument,1
puncheon,3
thigh,3
fir,1
fen,2
shipshape,2
addressed,7
dunno,2
handed,2
felt,16
tomorrow,4
retired,3
fairly,8
capt,1
brings,3
stately,1
ballad,1
travels,1
waterline,1
anderson's,1
famous,4
roughened,1
wormed,1
hills,7
security,3
margin,4
tired,5
day,48
bluff,1
church,2
decided,6
honesty,1
proportion,2
unhappy,2
plundered,1
sailing,5
bookcases,1
weakness,7
longitude,3
hunting,2
matted,2
paleness,1
seventy-'five,2
led,8
cutwater,1
greatly,9
servant,3
knock,2
admitted,3
gardens,1
drop,5
avenue,1
foot,19
moonlit,1
cables,1
let,39
stirrup-'leather,1
full-'rigged,1
dine,2
maid,2
forward,22
trinidad,1
get,80
centre,5
swing,4
surprising,3
trot,1
asses,1
flashed,4
dogger's,2
thieves,1
views,1
insist,1
dogger,2
dip,1
solid,1
purpose,6
officer,4
snapped,3
mistily,1
cheerily,4
safety,11
truth,10
springing,1
pistol-'shots,1
lie,16
breast,3
clay,1
p,2
pine-'trees,1
manned,5
absurdly,1
peaceful,2
pious,4
voices,12
scene,3
predicked,1
bustle,6
attack,9
actually,3
captaing,1
defenders,1
hunt,2
smash,1
imagine,7
knowing,1
glad,9
cutter,1
he'll,4
watchers,2
dispatch,1
dropped,13
fish,3
furious,3
doubled,4
whistled,7
spars,3
sit,10
ambushes,1
leading,1
tramped,1
jine,4
forfeit,2
dismount,1
of,1686
deplore,1
cannonade,2
dismissed,1
salts,2
well-'known,1
slow,7
pinch,3
waved,2
spit,12
murderers,3
stone,5
owed,3
everywhere,1
summons,1
dance,17
supervisor,4
man-'of-'war,1
harmless,1
officers,2
accident,2
humility,1
rate,9
hill,33
spurned,1
regiment,1
trampled,1
collection,2
hoofs,1
vehemence,1
spur,1
chest,24
rang,6
rider,1
frightened,6
finish,2
dream,2
dash,3
wrenched,1
instruction,1
resumed,6
error,1
napkin,1
finally,1
shores,3
frenzy,2
emissary,1
astern,4
removal,1
lumber,1
revenge,1
reduced,2
home,21
panic,1
brains,1
civility,2
whether,11
breakers,3
flash,3
pistol-'shot,1
galloping,1
parts,1
tramp,2
devils,1
sad,3
quarrel,3
wrest,1
patched,2
hamm,1
terms,7
careen,1
horrid,6
ventured,2
heavily,4
carousing,1
completely,2
week,8
lanterns,1
downwards,1
moneys,1
refused,1
objections,1
dependent,1
goats,3
georges,2
hid,3
grumbled,4
dragon,1
weevil,1
lately,1
coach,2
alarm,7
rolling,5
sponging,1
eatables,1
crawling,5
summits,1
owned,1
skulking,1
smart,7
true,11
stand,23
dimensions,1
grey,3
rich,4
wearisome,1
sufficient,2
hammocks,1
thousands,1
near,32
fellows,13
included,1
shiver,9
distant,7
skulk,2
interest,4
darkened,1
budge,3
pole,1
uns,1
what's,12
together,46
dirk,11
danger,14
souls,1
its,28
openly,1
hillside,1
assault,1
precaution,2
coolness,2
saluted,2
dues,1
marked,2
accidental,1
summoning,1
lieutenant,1
trumpet,1
wailed,1
re-'echoed,2
aimed,1
kicked,2
duty,8
furniture,2
directly,4
landlord,2
south,12
idea,5
walking,9
started,8
pounding,2
men,101
without,34
reiterated,1
aims,1
rout,1
health,8
ago,7
lines,1
wish,8
jawing,1
nothin,1
meddling,1
a'ready,2
bouncing,1
overhauled,2
spyglass,1
evidently,5
alow,3
conical,1
someone's,1
use,5
necessary,3
crouching,1
window,8
astonishment,1
shoes,2
sounds,2
collecting,1
hailing,2
swore,2
glances,3
formidable,3
hazy,1
rage,1
half-'bloods,1
must,68
boatfuls,1
issued,2
existed,1
brief,3
tightened,1
cruel,3
find,34
overlooked,1
chapling,2
treasure-'hunt,4
rush,3
tit,1
trio,2
flower,1
mist,2
class,1
enemies,3
ere,7
web,1
land-'locked,3
broom,2
silvery,2
sheltering,1
cemetery,1
trouble,7
gathered,1
james,1
crept,4
affected,2
stronger,4
a-'pressing,1
sternly,1
curiosity,4
loose,3
fiddle,1
precious,9
rank,2
hiss,1
instantly,15
earshot,5
surinam,1
columns,1
entirely,11
below,25
sea-'mile,1
slowly,9
tuned,1
approached,2
crawl,4
chart,22
move,9
farther,8
slip,9
fool,7
bank,4
assurance,2
bridge,2
cursed,7
you've,24
lantern,2
abraham,3
edge,5
newcomers,1
have,282
follow,3
tossing,6
moonlight,4
fuel,1
glare,1
beyond,8
veil,1
swaggering,1
thin,4
muzzle,2
rapidly,8
instinct,3
coxswain,11
empty,8
fed,1
feasible,1
treat,1
groping,2
bout,1
picking,1
wider,1
conspirators,1
servants,3
tremendous,2
whistle,10
copy,1
arguing,1
clause,1
shrubs,1
awoke,5
aloft,6
seven,15
obstinately,2
fortune,21
no,187
fraction,1
vicious,1
apiece,1
escape,7
began,92
suspicious,1
arch,1
pushed,2
tacked,1
sizes,2
let's,7
miscalculations,1
so,266
gratitude,1
firelight,1
tortugas,1
joy,6
recommenced,1
excellent,2
honest,16
enter,3
trice,1
request,2
wretched,4
heed,2
glimmer,2
boarded,4
being,29
p'r'aps,1
sharp,11
silent,10
stop,5
frozen,1
welcome,2
tap-'tapping,1
pull,4
half-'way,7
random,3
away,54
workpeople,1
iron,11
shaken,4
patience,1
desirous,1
guineas,5
score,13
afford,1
grasping,1
him,291
dress,1
amount,6
pleased,14
crossley's,1
farthing,1
plank,3
self,2
johnny,1
niggardly,1
tied,2
needlessness,1
hull,2
bundle,4
impatience,1
apoplexy,1
spoiled,2
sea-'salt,1
backstay,1
whitened,1
helped,4
pleasure,7
unchanged,1
wondered,3
shells,2
leaf,1
noah,1
seams,1
west,14
wearing,1
compasses,1
four-'penny,1
foreign,1
faint-'hearted,1
trinkets,2
starve,1
passage,10
pistols,7
admiral,21
sticks,1
bread-'bag,1
canikin,1
does,3
tin,2
preservation,1
quadrant,1
worn,4
here's,26
carefully,2
blamed,4
keel-'hauling,3
interior,4
tar,2
jumping,3
usage,2
writhed,1
seals,1
outnumbered,1
peaks,5
quarter-'deck,1
initial,1
later,5
gravely,1
spaniards,1
amuck,1
arrival,4
slept,4
hurried,1
heap,2
mercilessly,1
powder,22
birthday,1
stalked,1
overcoming,1
substance,1
evergreen,1
bit,18
contained,3
compass,7
busy,9
cassandra,1
downstairs,3
handle,3
discipline,5
crooked,1
mischief,2
bird,9
ghastly,1
thread,3
means,6
thimble,3
throw,1
missis,2
mill-'stones,1
coins,2
saddle,1
news,13
employment,1
headed,1
noise,10
unlucky,1
stunning,2
blackbeard,1
tonight,2
waving,3
message,1
knees,13
forecastle,11
touch,6
pounds,8
jaws,1
it's,65
outside,14
advanced,2
benbow,21
fell,45
fresh-'water,1
other's,3
better,30
stage,2
dark,18
panted,1
wanting,3
cabin-'boy,4
radiant,1
swift,3
plumage,2
pursuit,1
noiseless,1
hedges,1
others,19
vote,2
edges,1
bad,20
explanation,1
peered,1
war,3
they're,8
moon,9
cracked,2
armed,4
mizzen-'top,1
hot,19
search,5
pick-'axes,1
truly,1
lad,28
hint,1
pursued,3
horses,7
shake,3
foolhardiness,2
crossley,1
thank,10
repaired,2
chicken-'hearted,1
eat,8
baked,1
fatherless,1
belonged,2
nod,2
lose,11
loud,13
declared,4
blindfold,1
durst,5
sold,3
speech,3
buccaneer,14
place,40
gates,1
next,42
hawk,1
flung,1
tallowy,2
infectious,1
snuff-'box,2
frighten,2
envy,2
swarming,1
hole,5
gone,44
gabbling,1
sledge-'hammer,1
hilltop,2
craggy,1
trundled,2
knew,28
smugglers,1
ask,13
remembered,11
bible,11
houses,1
shelter,6
troubles,3
destroy,1
windows,2
paused,8
bribe,1
forget,7
reached,15
dilapidation,1
understand,11
repugnance,1
wash,1
presumably,1
deformed,1
whence,2
thicket,7
jerking,1
yards,10
explored,1
date,2
rations,4
considerable,2
sterns,1
lodge,2
already,45
duly,1
alarms,3
bare-'headed,2
poison,1
seek,4
fist,2
prisoner,2
oar,4
trelawney,34
resolved,1
stamped,1
wrote,4
money's,2
speedily,4
cove,11
threads,1
gammon,1
fourteen,1
each,36
skin,3
terrified,6
goes,9
audible,3
ready,15
might,61
o'clock,2
engaged,4
bars,5
cursing,1
jones,2
detestable,1
twenty,3
unsteered,1
lightly,3
stopped,17
numbskull,1
is,200
sideways,2
footsteps,2
favoured,2
forgive,2
packet,3
taken,31
midday,2
approaching,4
playing,2
talk,25
charge,3
kitt's,3
horrors,2
bolted,4
exclamatory,1
faster,1
remark,6
shore,30
spring,10
neighbourhood,1
overhung,2
doubt,11
hit,3
picture,2
calculate,1
kitchen,1
curtains,1
funny,1
coals,1
vapours,1
shivering,2
it'd,1
impossible,3
weary,3
august,2
unprotected,2
venture,2
brown,4
apple,10
disquietude,1
glanced,1
dropping,2
alone,17
drift,1
see,142
ride,7
rooms,1
crawled,5
remained,10
mount,4
sheeted,1
cannot,6
displeased,1
riggers,1
payment,1
roar,2
risk,11
bathe,1
due,5
trusted,3
her,123
evidence,1
fresh,11
second,28
board,32
reprimed,1
carry,6
gallows,4
medical,2
tears,3
country,9
burst,4
past,12
thundering,5
meals,1
noonday,1
throwing,1
close,32
ingratiate,1
whiskers,1
foremost,5
lions,1
paying,2
curses,2
height,4
boasting,1
lection,1
cleansing,1
peculiar,2
scaled,1
someone,12
swaying,3
there'll,1
quays,3
ten,15
shipwrecked,1
wage,1
sharply,8
lowered,1
buoyant,1
bed,6
precautions,3
seventy,2
released,1
from,219
anecdote,1
courage,8
plainly,8
enlarged,1
more,146
sparsely,1
gather,1
suggested,2
mud,1
sounded,7
on'y,7
motionless,2
nimbleness,1
terrors,4
accuracy,1
longer,12
direction,24
sides,10
believe,24
man,239
forefinger,1
incredible,3
regained,2
robert,2
horrified,1
blocks,4
hollow,5
combing,1
consort,6
picks,1
stirring,3
you'd,5
pant,1
beggar,9
fog,9
pen,3
utterly,4
woman,4
cowed,1
flag,13
likeliest,1
roving,1
march,4
describes,1
themselves,6
forth,18
issuing,1
haste,3
webs,1
touching,4
not,345
bade,3
defend,2
sits,1
willows,2
foaming,1
startled,4
crushed,1
gripped,1
king,4
sprung,1
punishment,1
defence,3
confound,1
fire,32
withdraw,1
particular,7
gracious,2
page,1
british,2
own,63
raising,5
reeled,3
else,11
unusual,4
tarry,4
positively,2
ignorant,2
sunlight,2
indomitable,1
tattered,1
sea,76
shockingly,1
curious,5
making,11
nose,9
coarsely,1
huge,4
ebb-'tide,3
vein,1
full-'sized,1
receiving,1
ground,11
age,2
hoarse,4
tapped,1
hope,14
pipe's,1
quaver,1
write,2
stranded,2
prayers,4
cowardice,2
timbers,8
aside,5
sky,3
love-'song,1
tapping,2
air,27
different,11
ship's,24
pockets,4
thrusting,1
extreme,3
table,13
thoughts,9
thanks,2
reversed,1
moving,7
far,50
seat,6
minded,5
tonight's,1
eating,4
plucky,1
bare,3
like,206
alarming,2
stockings,1
runner,2
flighty,1
minding,2
colour,15
confidences,1
livelier,1
trunk,4
forgotten,5
oaths,6
clear,33
waiting,10
mountain,5
abroad,4
top,18
teetotum,1
support,1
who'll,2
scarecrow,1
roared,12
walls,2
stairs,3
sick,13
hawke,2
sweeter,1
a-'heaving,1
sprang,8
open-'handed,1
strength,9
case,14
northward,2
instant,10
crew,32
shine,3
disgrace,2
shocking,1
nigh,2
murmured,2
terribly,1
cross,5
troop,1
lives,13
ruin,1
supervened,1
dared,8
knuckled,1
funeral,3
yellow-'eyed,1
fancies,2
grope,1
parlour,13
arranging,1
yawing,1
salt,6
snorers,1
visits,1
daily,2
clasp-'knife,1
conduct,4
died,10
unwearying,1
affairs,1
lest,3
lifted,6
mortal,4
tyrannized,1
difficult,3
sleep,8
equals,1
tavern,5
ourselves,8
unless,3
suppose,21
peach,1
cover,9
until,21
sorely,1
savannah,3
farthings,1
swig,1
knows,6
angry,4
cable,4
them's,1
process,2
magistrates,1
stitches,1
whither,1
cutlasses,3
roberts,1
nohow,3
dodged,1
a-'dying,1
gently,3
kings,3
ears,13
whit,1
uttered,2
nay,5
contrasted,2
hearts,4
upper,4
shoulders,10
creations,1
stiff,8
steps,7
angrily,1
legs,2
eh,1
grip,1
foliage,4
hundred,22
thus,15
weak,6
trick,2
neither,22
bear,15
deal,13
folk,2
doors,3
capsized,1
drawing,12
mouse,5
sober,6
bag,4
strolling,1
steepen,1
wasted,4
another's,1
cook's,1
time,131
leadin,1
nail,1
azalea,1
necessarily,1
discomfort,1
likes,1
waters,3
dolefully,1
confusion,4
phrase,2
lubbers,3
marched,2
fathoms,2
thunder,20
boil,1
suspicions,4
straits,3
who's,11
clearly,2
arthur,1
awkward,1
mile,13
cain,1
offer,4
arrangement,2
gill,1
evenly,1
connoisseur,1
offended,1
sentry,3
late,5
quoted,1
brain,2
relinquishing,1
tough,3
brace,6
amounts,1
reassured,3
clothes,6
golden,1
as,623
public-'house,2
grate,2
feelings,1
hanging,10
she,75
master,12
tragical,1
flint,37
doctor's,13
splashes,1
surely,3
pit,2
sentinel,2
reaching,1
stockade,41
fidges,1
lee,5
dismounted,1
nest,1
girdle,1
vain,7
guinea,1
swept,3
lying,15
wife,4
clipping,1
disbelieved,1
meat,3
alexander,2
lands,3
ballad-'book,1
imitation,1
earthquakes,1
land,22
backs,1
fools,6
doctors,1
yourself,16
worth,7
excited,4
northern,2
yes,9
coral,1
credit,2
trundling,1
drub,1
medicines,2
alert,1
gasp,2
drinks,2
fled,1
cruise,12
fingers,9
cooling,1
howsomever,1
developed,1
smell,7
pile,3
ball,8
sneering,2
conscience,3
favourites,1
dashes,1
wide,9
striding,1
fainting,2
sailor,11
awaited,4
hoist,2
ink,3
sound,34
managed,5
effort,3
supporting,3
roger,5
roundly,1
break,5
bread-'bags,2
practice,3
footing,2
cannon,3
warm,2
wig,7
stake,3
threatened,2
you'll,60
junk,2
names,7
hanged,4
scrambled,1
rigs,1
unknown,2
freely,1
won't,23
pinching,1
care,10
leaping,3
interrupted,11
mr,64
precisely,3
feeble,1
handspike,2
box,4
unmanly,1
pipe,26
violent,5
pick,7
perhaps,29
frown,2
raise,2
sallied,1
influence,4
hold,22
candle,3
compact,1
relieved,5
hung,20
short,26
questions,4
don't,85
ate,2
unmistakable,1
also,13
wonder,13
noon,6
biscuit,7
wooden-'headed,1
lancet,1
appeal,3
sympathy,1
ill,4
mistaken,2
precipices,1
pleading,1
whose,4
fits,1
sing,3
sketch,1
bloodthirstiest,1
executed,1
stranger,10
sailorly,1
raised,9
neatly,1
purposeless,1
books,1
bones,17
prayed,1
loaded,6
acquaintance,1
tattooed,1
homeward,1
catch,6
hurry,11
plans,1
fear,25
dodging,2
we've,8
sleeve,1
eastwards,1
entered,8
mucked,1
trembled,4
dangerous,8
ambush,2
headforemost,1
worthless,1
possible,11
indicating,1
paling,1
gathering,1
work,32
heat,7
headpiece,1
mrs,3
sea-'dog,3
wounded,13
hungry,1
clung,4
suits,1
visit,4
relief,2
foul,1
rigged,2
ashen,1
happy,4
noggin,2
shaggy,1
bite,4
shut,6
merits,1
jupiter,1
agony,2
teeth,10
hated,2
sorrow,2
death-'hurt,1
leaving,13
reckoned,2
handy,2
tree-'tops,3
thousand,12
injured,2
die,12
bungled,3
sparred,3
diabolical,1
thick,12
hound's,1
trump,3
floor,12
unsteadied,1
throats,1
hurt,7
are,80
anticipations,1
passed,26
bewildered,3
keeps,1
job,7
minute,10
green,11
chase,2
disappeared,12
glossy,1
messenger,1
fourth,1
staying,1
he's,28
nationality,1
hostage,4
blame,5
lights,2
cure,1
unintelligible,1
preferred,1
pair,6
wonderful,8
observing,4
standstill,1
wound,5
dick's,2
straggled,1
hain't,1
london,4
mind,39
spite,7
window-'sill,1
brushed,1
pool,2
specimens,1
hurly-'burly,1
owe,2
holding,14
held,18
open,43
sixth,1
frame,1
shameful,1
decks,2
notch,1
flowering,2
intercepted,1
seemed,51
trip,4
wandering,4
none,25
fugitive,1
spun,2
blond,1
marsh,7
blood,16
warned,2
routed,2
watercourse,1
his,652
drawn,4
advantage,4
d'ors,1
hazed,2
inlets,1
cry,20
clambering,1
wanted,16
tall,19
overboard,8
middle,11
chair,1
jumped,6
explosion,3
friends,11
blessed,13
order,11
humming,1
respected,1
grow,7
supply,1
go,77
stuff,4
gattling,1
plum-'duff,1
alive,11
slammed,2
reawakening,1
information,2
bar,9
overriding,1
loading,3
need,4
loosed,1
small,12
pass,5
contemptuously,1
trailing,3
share,9
headway,1
melancholy,1
soft-'spoken,1
square,8
child,7
allowing,1
tottering,2
swoon-'like,1
talons,1
ripped,1
bunk,1
sight,25
shipmate,8
turn,17
pluckily,1
recently,2
dainty,2
america,1
bring,17
worse,15
chink,1
soft,8
evil,2
gladly,1
ho,4
longing,1
countenance,2
magistrate,2
ghost,1
glowing,2
count,6
cant,1
comrade,3
damp,1
sees,2
weather-'eye,2
remain,2
heel,5
daylight,2
scissors,1
villains,1
somebody,3
behind,51
fiddle-'stick's,1
peace,3
bold,6
thinkin,1
passing,1
make,50
tried,11
steadily,4
probably,2
captain,211
real,3
throat,6
they've,3
taking,9
rifled,2
barrow,2
finished,2
clapping,1
though,57
eyeless,1
lump,2
used,9
swallowing,1
goa,1
inexpressible,1
eye,25
loosened,1
cleared,5
forms,1
piped,2
port,10
shins,1
certainly,21
acre,1
shaped,2
fears,2
added,30
man's,20
lifetime,1
si-'lence,1
alarmed,5
seize,1
accurate,1
warn,2
boarding,1
sneered,1
heave,4
thirteen,1
backed,2
mutilated,1
greed,1
outright,3
dell,3
wouldn't,13
solve,1
villainous,1
fibres,1
boys,5
reedy,1
numerous,1
art,3
boy,34
matter,14
patted,2
good,123
half,35
rules,7
that's,81
manner,14
watch,15
former,7
to,1524
bending,2
it'll,2
drugs,2
hidden,4
earrings,2
hunter,26
horrible,5
shoved,4
obey,3
mysterious,1
saw,55
called,19
instance,4
heaps,1
natural,5
ridge,1
cat,2
expressed,2
eyes,54
peering,2
just,63
absences,1
dibianca,1
dazed,1
meant,15
calf's,1
determined,4
speeches,1
quarters,2
supposing,4
other,80
thinking,13
reasons,4
serve,1
latitude,3
cloud,6
expression,5
few,23
answered,21
inside,13
whom,16
opposite,3
hastily,1
competent,1
company,15
rocks,6
barrel,15
windy,1
rather,19
weapon,1
pointed,3
sea-'cloth,2
ah,36
ungainly,1
slightest,3
french,5
cheek's,1
we'll,37
thirds,1
verse,2
mighty,6
according,5
stayed,4
failures,1
disclosed,1
shirking,1
ledge,1
burned,6
strangers,1
mug,1
person,6
appetite,1
aye,27
square-'tailed,1
jib,2
classic,1
step,16
proved,9
account,11
thither,2
mound,1
dragged,1
manners,1
pulling,3
willingness,1
draw,9
john,80
seamanly,2
supped,1
stood,38
signal,6
maroons,2
black,57
motioned,2
flickering,1
going,34
encloses,1
state,4
livesey,56
wrong,10
mought,3
inform,1
shone,4
emphasis,1
help,41
too,60
hostilities,1
several,16
puzzled,1
hoped,4
under,58
conceal,4
pleasant,11
em,31
easier,1
suspicion,1
morally,1
landing-'place,4
stretching,1
repainted,2
observed,16
hisself,3
luck,16
argument,3
having,14
hawkins,52
breakfast-'table,2
hastened,2
running,22
hopeless,1
corruption,1
spirit,8
gilt,1
squint,1
beach,17
beggar-'man,1
indies,2
qualities,1
seamen,13
hearth,1
thing,45
corners,3
snort,1
rock,12
dreadful,2
turned,43
dreadfully,2
i'll,104
couple,5
blue,16
jim,98
at,420
scale,1
floated,2
strode,3
thankful,1
bottom,14
poll,1
done,48
mine,12
crumb,1
anger,4
tilted,3
skirts,2
stern-'sheets,2
surprise,15
surprised,8
appear,5
broad,8
onslaught,1
swinging,6
cutlass,15
aim,4
log,4
sea-'lawyers,1
alan,4
opened,19
seaward,6
sea-'salute,1
timber,4
shining,9
gleam,1
country's,1
seized,3
boughs,2
hilltops,2
whirr,1
sun,23
bacon,2
stones,1
a-'thinking,1
even,56
feet,36
tap-'tap-'tapping,1
frosty,4
about,133
eighth,1
miss,3
liking,2
wealth,1
january,1
silvering,1
walked,9
eagerness,1
hasn't,3
shrouds,5
likely,13
flint's,22
sp'iled,1
reverently,1
hunted,3
marks,2
gales,2
known,6
tarpaulins,1
almost,39
frosts,1
fighter,1
rise,8
toughest,1
fires,1
bitter,2
sickness,1
following,8
ankle,1
after,94
sand-'hill,1
chief,1
want,28
where's,4
particulars,1
fact,4
pointer,2
bound,12
leaning,4
alighted,1
finishing,1
field,2
month,5
given,19
yielding,2
solemnly,1
ordered,3
exposed,7
view,5
oilskin,2
proper,1
against,37
agreeable,3
breath,17
distress,2
flight,4
grim,1
twice,7
district,1
gentlemen,19
there's,43
beaten,2
grumbling,2
indian,1
run,35
natives,1
attacked,3
sinewy,1
laying,3
cries,8
equally,1
monthly,1
choosing,1
looks,6
pictures,1
glass,11
balls,2
shall,22
honour,7
promise,3
wickedest,1
fetch,6
cracking,2
steady,12
calm,4
perfectly,5
medicine,5
mountings,1
capstan,3
hear,49
breakfasted,1
judged,4
tone,6
split,4
doubly,2
eternal,2
sob,1
dwarf,1
same,62
presence,3
shove,1
aiming,1
moved,10
pin,2
patiently,1
treading,1
palm,6
balancing,1
hawse,1
involved,3
leaned,5
lapping,1
sailor's,4
prison,1
characters,1
dipping,1
will,48
rung,1
exhaustion,1
pretext,1
replies,1
death-'haul,1
skipper,1
mouthful,1
sheep,2
ruffian,1
ashamed,3
afterwards,8
into,119
sir,102
pride,1
broke,16
word,57
cargo,3
leather,1
briskly,6
sent,12
brightened,1
gradually,10
computation,2
lowlands,2
predicting,1
narrowly,1
pistol,12
movement,6
paddle,6
instead,6
affair,3
how,69
curtained,1
briers,1
merely,1
watered,1
native,1
deadlights,3
ninety,1
trained,1
effect,5
incessant,1
paces,2
bow,6
flood,2
truculently,1
glee,3
ambiguity,2
trebly,1
displaced,1
england,11
doubloons,4
new,16
confessions,1
forced,3
risen,7
sorry,3
dozen,5
slant,1
flapped,4
happen,2
sward,1
thought,79
crimes,3
islet,1
heath,1
slyly,1
notice,5
springs,1
expect,6
worked,1
father,17
can,63
task,1
vessel,6
up,213
pay,4
bid,2
roast,1
mounted,3
fine,18
anyway,4
sadly,2
apparently,2
tottery,1
looking,17
mingled,3
big,20
stolen,1
play,4
desperate,3
pirate,6
heartily,6
oblige,1
condescending,1
key,7
number,14
brought,28
watched,7
hearty,5
rebuff,1
hunched,1
attend,1
patients,4
snow,2
walk,8
lesson,1
twinkling,1
rope,7
blood'll,1
spitting,2
bright,17
redly,1
desire,6
thrown,8
stifle,1
both,41
wandered,2
never,83
followed,18
seaweed,1
innumerable,1
left,63
listening,3
hinder,1
judy,1
consent,2
comeliness,1
oaks,1
atrocious,1
stabling,1
neat,3
wishes,1
ship,92
annoyance,3
smoke,9
went,62
husband,1
superintending,1
exclaimed,3
mother,40
abeam,1
admiringly,1
enow,1
remember,9
dinner,5
two,112
fall,10
sudden,17
stickin,1
patient,1
crossed,9
once,77
soon,71
meet,4
water-'breaker,1
received,4
hullo,1
giving,6
keel-'haul,1
absence,4
permission,3
less,13
tones,3
good-'bye,4
upstairs,6
dispersing,1
saving,5
ensure,1
sauce,1
riders,2
pleasing,1
great,79
string,3
bless,5
service,11
bullet,2
sea-'gully,1
any,53
hang,10
put,60
mate,33
lugger,5
scour,1
very,95
younger,1
steaming,2
whatever,2
schooners,1
s,7
scoundrel,1
world,16
killed,11
change,9
early,7
saves,2
dexterity,2
else's,1
unwilling,1
printed,1
injuries,1
delay,4
beds,1
clambered,1
clean,12
tree-'stump,1
indescribable,1
either,20
college,2
dare,13
bill,19
musket-'balls,1
awful,1
till,53
memory,1
long,114
moments,1
airs,2
miscellany,1
print,5
rascal,2
followers,3
their,129
upright,2
terror,14
halloo,1
smoky,2
allowed,6
regard,5
tinder,1
gully,3
wood,23
grovelled,1
knolls,1
dishes,1
seen,63
stifling,1
borders,3
basin,5
poor,35
rose,17
course,33
consciousness,1
before,135
getting,7
we,417
size,3
dressed,2
trusting,1
tent,2
wind's,3
has,42
acknowledging,1
plucked,5
visible,2
motion,1
exhausted,1
blackened,2
mightily,1
malabar,2
i've,40
miserable,1
but,470
money,33
lower,9
fair,11
reacted,1
l,1
fast,9
sea-'walk,1
got,75
identical,2
terrible,5
comprehend,2
six,35
detour,1
sort,17
act,6
calling,4
silk,2
hailed,7
admire,1
party,20
beaming,1
language,1
quiet,14
boat,34
young,15
value,3
clash,2
line,15
islands,2
quid,4
eddied,1
tom's,2
deeds,1
crag,1
meantime,19
papers,3
stories,4
coming,15
rip,1
cheered,1
baled,1
saying,17
quite,44
bubbled,2
you're,57
leaped,9
districts,1
garding,1
candle-'light,1
harbours,1
messmates,3
force,3
who,96
turning,6
god,7
pursuing,2
deserted,8
bough,1
should,81
steep,5
cordage,1
davy,4
fourpenny,3
singly,1
music,2
pie,3
think,56
reef,1
certain,9
scarcely,7
lived,14
shreds,1
collapsed,1
youngest,1
which,97
main,8
a-'changing,1
manoeuvre,1
garrison,3
gayer,1
best,24
yet,40
experienced,1
content,3
troubling,1
obeyed,7
dry,6
drink,19
uncouth,1
louder,6
voice,55
girt,1
advancing,1
leave,18
beating,4
swollen,2
half-'crippled,1
little,104
a,1734
un-'english,1
allow,2
ease,3
frayed,1
story,16
hilt,3
ports,1
barring,1
f,2
hillo,1
most,40
friendly,5
looked,53
laughter,2
fronted,1
passion,2
goat-'skins,1
reddened,1
usual,5
amassing,1
load,7
ear,10
pattern,1
smack,1
speaking,12
swiftly,5
blew,3
silence,15
flutter,1
joining,3
shaking,5
regain,1
snatch,2
showed,12
chorus,4
quick,8
two-'guinea,1
glasses,1
repent,1
wild,8
spoken,6
ticking,1
deary,1
neighbours,5
journeys,1
owner's,2
account-'books,1
topped,1
bubbling,3
anybody,2
slice,2
adrift,1
heavy,12
today,4
guests,1
expressions,1
cabin,27
mentioned,1
un,3
learn,2
conclusion,1
shouting,8
than,84
natures,1
disturb,1
enemy's,2
tarpaulin,1
unweariedly,1
barbecue,7
nearer,19
complete,6
cross-'trees,4
sense,8
groaned,2
shipping,1
abominable,4
do,109
bated,1
front,17
woods,22
on,509
bodily,4
ever,47
greedily,1
forearm,1
carried,19
record,1
thirty,6
stare,2
eel,1
fire-'basket,1
in,974
comed,2
humbly,1
damage,1
useful,1
paid,6
aft,3
leaden,1
steersman,1
supposed,4
dirty,5
fore-'sail,2
absent,1
ditch,2
morass,1
shark,1
hedge,2
rippling,2
sum,2
cross-'grained,1
italy,1
fired,10
tap,1
leap,3
chucked,1
drunk,14
pinched,3
wedge,1
nowhere,1
newly,1
elaborate,1
monstrous,2
majesty's,2
chance,14
wickedness,2
bully's,1
spade,2
resign,3
pigtails,1
single,8
mates,16
navigate,1
hulk,1
dimly,1
cease,3
hoisted,1
drew,17
paw,1
enjoyment,1
and,2889
come,99
ashore,37
shook,13
hornet's,1
painter,1
personage,1
dutchman,1
unearthed,1
climbed,2
orders,11
sunbeams,1
larger,2
repeat,1
management,1
daddle,1
innocence,1
affect,1
surviving,2
reverse,1
nightmares,2
inclined,1
house,66
dead,72
passably,1
stove,1
piping,3
noo,1
busts,1
steeped,1
drooped,1
all's,6
departure,1
oh,15
keyholes,1
rope's,2
arm,16
enough,74
sums,1
moment,67
keep,38
cooked,2
library,1
repulse,1
doctor,162
nothing,52
door,49
me,431
heaven,6
where,103
feel,7
nor,44
supercargo,1
thrifty,1
out,251
believed,3
cocked,1
keeping,11
fly,5
revolted,1
gliding,1
fallen,21
nails,3
justice,1
packing,2
singing,11
blot,1
american,1
wind,26
forefoot,1
mast,11
present,5
muscles,2
always,16
written,4
trigger,1
steel,3
patches,1
digging,1
shape,3
answers,1
them,142
spoke,25
report,8
avoid,3
made,85
pillow,1
lion,1
rum,56
bonfire,1
wore,5
action,3
buried,16
sigh,1
creature,8
finely,1
ripples,4
laid,19
hat,11
forbear,1
deuce,3
demolished,1
seafaring,12
tell,61
dear,11
stroll,1
grunting,1
every,52
stowed,3
sea-'songs,1
spy-'glass,24
commands,3
people,18
washing,3
cap'n,47
shrugging,1
speak,26
blowing,3
fog-'horn,1
livesey's,7
slope,7
pack,1
mostly,8
sake,5
water,48
luff,4
rid,4
sea-'song,2
required,3
meaning,4
brass,9
rudder,4
readily,3
many,30
systems,1
myself,48
complimented,2
tip,2
greeted,1
captain's,25
agreed,5
residence,2
corns,1
increase,2
chosen,2
propulsion,1
unintentional,1
described,3
athwart,2
protestations,1
attacking,1
coracle,26
north-'west,2
pulled,14
shortness,1
fishiest,1
double,12
portable,1
with,618
hearing,4
one's,3
merry,22
brand,1
distance,8
bristol,18
kill,8
along,48
ours,3
canvas,7
flowed,2
dotted,5
inns,1
matters,3
closed,7
suspect,1
ticklish,1
something,26
cloth,2
blacker,2
filthy,1
inquired,4
plaster,1
rough-'and-'ready,1
smit,1
royal,4
revenue,2
evening,14
scatter,3
tallow,1
comrades,4
side-'table,1
ugly,3
offe,2
happier,1
lock,3
produce,4
one,275
morning,24
victims,1
clinked,1
fore,5
indeed,29
refreshment,1
enclosing,1
coast,13
saddled,1
slaved,1
appearance,9
pace,6
knowledge,5
nows,1
fought,4
nearly,6
halloaing,1
return,14
sing-'song,1
length,11
widest,1
underneath,2
dive,1
mere,7
overhaul,5
strange,9
ships,13
burn,3
would,169
bigness,2
opinion,2
argyment,1
rear,3
sank,7
bodies,1
intelligence,1
gen'leman,3
jolly-'boat's,2
tails,1
fierce,2
archbishops,1
schooner,28
five,26
cheated,1
frigate,1
stay,13
fan,1
liberal,1
overdrawn,1
v'yages,1
leastways,7
threshold,3
toppling,1
scattering,3
widger,1
meal,5
night,38
a-'blowing,1
sharer,1
landsman,1
eight,20
plain,30
fifteen,7
drank,6
alongside,10
ached,2
interval,2
confidence,4
lookout,6
thanked,1
swab,4
afraid,15
w,2
finger,2
coltish,1
peel,1
rheumatics,1
hails,1
merest,2
room,13
ranged,1
dram,2
pound,2
idle,5
david,2
cried,103
matey,4
outset,1
said,323
backward,1
terrifying,1
incivility,1
calf,1
well,155
success,2
handsomer,1
aroused,1
ragged,1
thickets,1
sweat,1
designed,3
bounce,1
telescope,4
tiller,3
breathe,3
pilot,1
recognized,5
daring,2
much,87
thoughtful,1
met,10
wall,9
wavering,2
poisonous,1
spends,1
swearing,1
shouted,7
readings,1
pirates,17
encouraged,2
unburied,1
one-'legged,2
ile,1
mourning,1
circumstance,1
suit,4
streaming,1
skeleton,14
prepared,1
bitten,1
toasted,1
if,220
dull,3
white,20
cliffs,5
command,6
son,10
wink,1
depposed,1
gave,25
lingering,1
often,12
struggled,1
agin,1
third,15
ben,49
unpleasant,1
lowering,2
dogs,2
trees,38
roughly,4
minutes,2
billy,13
particularly,4
reply,4
roughest,1
eggs,1
neglecting,1
between,33
plants,1
was,1136
glint,1
fawning,1
schooling,1
light,16
applied,1
missed,3
set,43
ordinary,1
bags,1
shipmates,8
downhearted,1
bottle,18
elbows,2
hand,120
yo-'ho-'ho,8
rays,3
cut,44
repeated,10
hood,1
gunn,37
swam,1
narrative,9
map,7
wringing,1
slap,3
guess,5
lemon,1
then,165
project,1
plunging,1
bumboat,1
the,4413
adventure,12
did,81
distinguish,1
labour,2
horse,8
rightly,5
hall,4
lamp,3
lodging,1
returned,46
thinks,2
heard,51
red,27
discoloured,1
george,25
hearken,1
retorted,2
bitterly,1
himself,61
business,15
grant,1
whole,34
sunshine,1
elderly,1
death,22
pulse,1
pleasanter,1
round,77
brave,7
sang,5
behaviour,4
bored,1
am,38
weaker,2
grasp,5
tat,1
blown,2
grog-'shop,1
stick,13
cheek,5
sea-'cook,9
bush,2
widely,1
be,242
head,80
easy,10
filling,1
mouth,19
quack,1
aboard,35
balanced,1
food,5
downright,3
stiffly,1
loops,1
blind,28
ran,45
scarred,1
i,1752
odd,6
eyebrows,1
contorted,1
sooner,8
leafless,1
dysentery,1
face,52
corner,23
staring,5
cockerel,1
trailed,1
booty,2
listen,2
money-'bag,1
build,2
kingston,1
why,65
sea-'cry,1
side,84
ahoy,1
old,121
events,1
skimming,2
coat,10
to-'do,1
manage,6
fury,3
soiled,2
aloud,10
over,104
beginning,10
pickled,1
external,1
arose,4
dr,46
falling,7
heaven's,1
fable,2
assailants,1
winter,1
rig,1
shade,1
dreams,2
haven't,6
hobbled,4
taylor,1
fainter,2
studious,1
handsome,6
hand-'barrow,1
came,89
surrender,1
yesterday,2
estuary,1
harder,3
kindest,1
roof,7
collected,1
sheer,4
easting,1
storm,1
stark,1
this,310
infinite,1
our,139
stony,2
surf,9
commentary,1
sabre,2
bulwark,3
rated,1
seaman,17
says,74
couldn't,8
inn,22
virtue,1
broadcloth,1
tightly,1
undulating,1
enjoy,4
begun,15
spaces,2
musket-'barrel,1
parrot,9
hanger,1
altogether,4
flitting,1
free,9
gunshot,1
disappointment,4
dreadful-'looking,1
nearest,10
boxed,2
year,5
pannikin,2
take,84
squalling,3
price,1
still,119
humbug,1
that,836
separating,1
filled,11
comes,11
scarcest,1
volubly,1
decline,1
bearings,6
rough,12
unbailed,1
clumsy,3
laughed,5
staked,1
ballantyne,1
tattoo,1
they,234
chuckle,2
down,148
times,8
piece,18
snatches,1
richard,1
lawful,2
character,1
rest,37
carpet,1
knee,1
grove,4
glance,8
stopping,2
friend,11
signs,1
sometimes,22
companions,10
dislodged,1
jack,6
sailed,16
cost,3
squire,95
sure,73
pages,1
tragedy,1
assizes,1
divined,1
organ,1
chieftain,2
pick-'axe,3
body,20
oilcloth,2
took,51
road,19
reloaded,2
battle,3
slacked,1
camp,8
needed,2
boatswain,7
admirable,4
wiping,2
boss,1
glared,2
shoulder,29
coppers,1
north-'east,2
louis,3
ducking,1
rapped,1
trifle,4
parole,2
shrill,3
yellow,7
pause,8
silver,206
smollett,45
dashed,2
stroke,6
anchorage,29
signboard,3
a-'crossin,1
rooted,1
trimmed,1
risking,2
this'll,1
such,29
hands,108
your,133
smashed,1
desolate,1
sleepy,1
had,739
resin,2
gets,3
again,123
could,174
quit,2
smiling,4
exceedingly,2
crack,6
threw,7
lost,31
vise,1
endless,1
wily,1
leg,22
anything,16
fat,1
when,182
ploughed,1
swell,4
three,69
hundreds,2
goal,1
bows,9
hauled,6
earnest,4
gives,2
song,9
council,10
hummock,1
give,44
jolly,8
author,1
irresolute,1
wiser,3
cocks,1
complaint,2
voyage,10
neck,12
a-'top,1
hotly,2
redescending,1
series,1
plentifully,1
beats,1
coward,2
avowed,1
tunes,1
p'inting,1
field-'work,1
clacking,1
balance,3
defences,1
sand-'break,1
arms,19
lads,13
pointing,2
buccaneers,17
clap,3
what,173
stern,17
spirited,1
sup,1
while,53
hours,6
lid,1
accustomed,1
importance,1
scowling,1
half-'heartedly,1
result,1
affectionate,1
unnatural,1
o,34
seconds,5
shame,3
pretended,2
movements,1
spot,27
difficulty,3
subsist,1
easily,8
gentleman,17
answer,14
hesitated,2
served,6
israel,19
across,30
disappears,2
four,33
dooty,13
belief,5
tip-'top,1
hawker,1
pitch,4
superintend,1
only,91
blindness,1
pew's,3
recapture,1
for,589
salted,2
probable,3
devil,9
locked,1
desperadoes,1
right,72
nobody,16
here,156
exact,3
knit,1
full,23
gutted,1
strong,22
denied,1
account-'book,1
caught,8
offender,1
careful,2
part,41
delicacies,1
flock,1
lay,89
low,33
cleaning,1
jump,9
breathing,3
stumping,1
years,15
favourably,1
frequent,1
viceroy,2
nut-'brown,1
nerve,2
ain't,26
recommence,1
doorway,2
birds,12
towards,33
crosses,7
it,710
trunks,3
soul,13
my,623
study,1
fashion,1
predicament,1
standing,16
excitement,4
encrimsoned,1
landsmen,1
clue,2
lather,1
may,60
slacken,3
blabbing,1
notable,1
noble,1
readiness,1
these,78
shocked,1
caution,1
riding,2
breakfast,5
cooper,1
daybreak,1
last,112
sons,1
apology,1
doubted,1
occurred,11
oath,8
really,5
weltering,1
despair,3
struck,27
remaining,2
mounds,1
wave,4
pulses,1
haggard,1
accordance,1
mainland,1
temper,5
an,135
marshes,2
those,8
intruders,1
harbour-'bar,1
knife,14
changed,10
appetites,1
abandoned,2
plate,1
flapping,1
things,23
by,312
lonely,4
reach,6
undertaking,1
buy,1
skill,3
because,7
spout,3
storms,1
refuse,1
life,29
broken,17
sleeping,2
gun,16
bulk,3
ceased,4
loomed,2
youth,2
grave,4
grace,1
giddily,1
postscript,1
gold,13
troubled,1
loopholed,1
bolt,3
day's,2
oars,3
way,87
paper,9
retreat,4
selling,1
contrast,3
largeness,1
gibbet,3
higher,11
all,355
been,160
contend,1
indignation,1
consider,1
monster,1
pity,7
join,5
stormy,1
forgot,6
preening,1
blow,21
or,184
contents,1
breaking,5
crave,1
moan,2
croaking,1
seems,2
cured,1
gallop,1
stretched,4
berth,7
above,31
subsided,2
immortal,1
cold,11
close-'cropped,1
tales,1
awhile,3
neighbouring,1
boat-'cloak,1
melted,1
experiment,1
hesitating,2
hoar-'frost,1
purchaser,1
pale,7
conceited,1
bits,5
appeared,13
cage,2
talker,1
manoeuvres,2
judge,3
densely,1
flea,1
glim,2
b,3
exactly,6
a'most,1
cases,1
please,16
sat,28
among,53
crews,2
worst,18
mean,20
stared,2
understood,5
pigtail,2
pretence,1
romance,1
clock,4
destined,1
taste,6
lick,1
treasure,53
chances,1
end,49
prettily,1
afternoon,11
portion,3
pieces,20
th,1
embassy,2
grumble,2
pinned,2
fellow,18
stupor,1
high,29
off,78
wits,1
stevenson,2
save,17
daren't,1
silver's,17
keenest,1
parliament,1
strike,6
nights,2
explaining,1
dreamed,2
mail,2
stirred,1
chine,1
stages,1
whenever,1
entertainment,1
some,110
crying,5
replied,32
welcomed,2
top-'sails,1
,22649
