libel,1
base,1
inhabitants,1
approximately,1
assessors,1
valuation,1
burdensome,1
involved,1
instrument,1
compensated,1
thanked,1
appreciative,1
letter,1
pearls,1
locket,1
consultation,1
invasions,1
risings,1
families,1
members,1
inquiries,1
delicacies,1
protest,1
knockings,1
livelier,1
younger,1
greatest,1
absorbing,1
responses,1
mastermind,1
snubby,1
admiring,1
describing,1
hearthrug,1
drawing-'room,1
assembling,1
hairbrush,1
hoo-'ray,1
saluting,1
soldiers,1
parlours,1
audience,1
visibly,1
collected,1
melancholy,1
confiscated,1
disgraceful,1
setting,1
laughing-'stock,1
blush,1
turning-'point,1
gas,1
exaggeration,1
boasting,1
bled,1
piteously,1
ill-'humour,1
trouser-'pockets,1
uppish,1
deliver,1
bundle,1
previous,1
service,1
composer,1
small-'talk,1
typical,1
programme,1
fly-'leaf,1
writing-'table,1
motive,1
suggest,1
sacrifice,1
toils,1
swagger,1
stacks,1
manners,1
splutter,1
chuckle,1
stupider,1
rule,1
celebrate,1
morning's,1
unction,1
observing,1
wicker-'chairs,1
empty,1
three-'fourths,1
leathery,1
egg-'shells,1
strategy,1
valour,1
tonight,1
pains,2
roll,1
penitent,1
troubling,1
agreed,1
lick,1
pin,1
march,1
a-'piece,2
licking,2
cakes,1
towels,1
pillow-'cases,1
bedrooms,1
deserving,1
wrestled,1
grappled,1
betrayed,1
yells,1
jumpy,1
reported,2
armful,1
celery,1
basketful,1
salad,1
jelly,1
guava,1
bustled,1
splendidly,1
stir,1
materials,1
bris,1
stoat-'sentries,1
fitting,1
fled,2
cudgels,1
whooping,1
monstrous,1
panic-'stricken,1
injured,1
war-'cry,1
brandishing,1
bristling,1
china,1
jammed,1
madly,1
screeching,1
weasel,8
prolonged,1
grinding,1
merriment,1
modest,3
renewed,1
detain,1
carousing,1
hoisting,1
trap-'door,2
clinking,1
upwards,1
hammering,2
pricked,1
groped,2
grip,2
answerable,1
tiresome,1
putting,1
confusion,1
assigned,1
blame,1
amuses,1
sandwich-'case,1
bandages,1
handcuffs,2
sets,1
policeman's,1
balance,1
cutlass,2
sword,1
thoroughgoing,1
ours,1
ten-'minutes-'afterwards,1
what-'might-'have-'happened-'had-'i-'only-'thought-'of-'it-'in-'time-'instead-'of,1
category,1
criticise,1
statements,1
produced,1
accoutrement,1
here's-'a-'belt-'for-'the-'toad,1
here's-'a-'belt-'for-'the-'rat,1
preparations,1
winks,1
forty,1
pudding,1
macaroni,1
beans,1
fortunately,1
jealousy,2
finger,1
spoilt,1
flustered,1
vengeance,1
yelling,1
orchard,1
cutlasses,1
rats,1
boatloads,1
rifles,4
ll,1
washes,1
posts,1
idling,1
overslept,2
haughty,1
washerwoman-'dress,1
tumbling,1
muddled,1
peevishly,1
nagging,1
learn,10
pistol-'barrel,1
polishing,1
detestable,1
newspaper,1
here's-'a-'pistol-'for-'the-'mole,1
here's-'a-'pistol-'for-'the-'rat,1
here's-'a-'sword-'for-'the,1
here's-'a-'sword-'for-'the-'rat,1
excitedly,1
distributing,1
reading,1
canals,1
snoring,2
squabble,1
plan,1
resuming,1
pantry,6
butler's,4
swords,3
weasel's,1
somebody's,1
brushes,1
altar,1
talker,1
tongue,5
repaired,1
worthier,1
severity,1
promised,2
experienced,1
unhallowed,1
attraction,1
secret,4
enlist,1
attacking,1
sentinels,3
leaf,2
bygones,2
contrition,1
sofa,2
goings,1
fireplace,2
fidgeted,1
crumbs,1
admirable,1
commanded,1
address,2
secured,1
deafening,2
anyway,1
reflecting,2
annoys,1
phosphorescence,1
poked,1
position's,1
humbugging,1
amusing,1
vacant,1
luxuries,1
sadly,2
strongest,1
victuals,1
pie,2
strangely,2
touzled,1
privations,1
clink,3
allowances,1
post,3
supper's,1
deserve,1
contriving,1
devoted,1
lagging,1
blood-'horses,1
voluble,2
advice,3
rays,3
action,1
wilful,1
headstrong,1
criticism,1
wrong-'headedness,1
supporting,1
fought,3
indignant,1
glee,1
uninhabited,1
tranquil,1
pervading,1
threes,1
cellarage,1
fades,1
pickles,1
yelled,1
twos,1
here's-'a-'belt-'for-'the-'badger,1
arriving,1
waterside,1
place,32
bullet,2
bang,2
really,55
rubbish-'heaps,1
prudently,1
contents,6
rest,19
gun,2
thinned,1
ferret,4
tradespeople,1
prisons,1
vulgar,1
grub,2
unfeeling,1
bloodthirsty,3
backyard,1
guess,1
parched,2
ones,3
combined,1
enemies,4
plausibility,1
aid,1
prevail,1
treated,1
sup,1
infamously,1
misunderstanding,1
way,97
impressively,2
window,14
plop,2
splashed,1
dewy,2
welled,1
limb,1
prison,13
improving,1
stamp,1
around,13
brilliant,1
ducking,1
obeyed,2
biscuits,2
nicely,1
despondently,1
heaved,3
snorts,1
the,3680
aunts,2
poop-'p-'p,1
bills,1
suppressed,1
scared,1
jawed,1
cripple,1
becoming,1
ignominiously,1
pounding,1
terrified,3
spite,2
boasted,1
served,2
exercise,1
chivalry,1
mistaken,1
idiots,1
contemplating,1
amble,1
thorough,1
carrots,1
hat-'stand,1
disreputable-'looking,1
showing,1
swam,2
persistent,1
cleverly,1
subterfuges,1
sufferings,1
trials,1
lessons,1
incapable,1
food,4
punching,1
evasions,1
dodgings,1
tot,1
hoist,1
others,18
bore,3
chariot,1
enemy,2
grudging,1
letting,2
sake,1
spoiling,1
rails,1
calmly,1
shell-'fish,3
upward,1
horse-'pond,2
gaol-'birds,1
crashing,3
catch-'words,1
fearless,1
famous,2
prison-'breaker,1
annoyed,1
struck,6
warningly,2
proposal,1
valerian,1
drive,2
greeted,4
possession,1
pitch,3
tremors,1
creature,1
thirty,1
fainted,2
homing,1
crumpled,1
hear,23
log,1
cravings,1
entry,2
ill-'fated,1
hailing,1
eager,3
strutting,1
arm-'chairs,1
slowing,1
yarn,1
tell,54
blob,1
rough,5
dense,1
dot,1
suspect,1
milder,1
raining,2
written,2
ladies-'in-'waiting,1
open-'mouthed,2
army,1
prospects,1
waddled,1
knowed,1
oxford,1
fame,1
rakishly,1
history-'books,1
successful,2
reply,4
seize,3
snap,1
fullness,2
tramped,1
leaf-'carpet,1
wayfarers,4
grudged,1
proud,9
proved,2
lap,1
guinea-'fowls,1
care,12
hares,1
upset,3
pheasants,1
knife,1
mere,5
depths,3
deals,1
inspiriting,1
slapping,1
grumbled,1
death-'or-'glory,1
heavenly,2
trappings,1
gossip,2
harness,1
hanging,2
importance,3
undiminished,1
stuck,4
sulky,2
complain,2
freshness,1
addition,1
latest,2
profit,1
emergencies,1
starting,2
accepting,1
sums,1
gust,1
shilling,3
rotten,1
alternating,1
hackney,1
caravans,1
lighted,1
yet,33
riding-'lights,1
smoked,1
speedily,1
trifling,1
varied,1
smoking,1
gloomily,3
gorse,1
saved,1
bridle-'paths,1
by-'ways,1
consciousness,1
barge-'horse,1
gesticulating,1
him,469
vigorously,2
gallop,2
triumphs,1
verbal,1
cheap,1
decent-'looking,1
crimp,1
hospital,2
able,10
mangle,1
contend,1
indignation,1
insist,1
unassisted,1
other-'gripped,1
crawly,1
first,56
vouchsafed,1
distinguished,1
belabouring,1
respected,2
cutting-'out,1
betters,1
judgment,2
viciously,1
dish-'clout,1
humbug,1
cos,1
unrestrainedly,1
toads,3
colours,1
unconverted,1
takes,5
trivialities,1
crosser,2
june,1
resigned,1
doubt,7
cornered,1
practice,1
raiment,1
scenery,1
rabbit,6
bucket,2
haymaking,1
thereto,1
kettle,1
lantern,13
soap,4
returning,1
venture,1
victoria,1
cabin,2
luckily,1
steering,4
embrace,2
fortune,1
hussies,1
nasty,2
thereabouts,1
gents,1
clear-'starching,1
sternly,4
gentry,1
somewheres,1
fearing,1
cheerily,5
married,3
abreast,1
gingerly,1
politely,2
sold,1
ride,2
begged,1
tiller,2
wearing,1
sole,1
gunwale,1
barge,12
abruptly,1
bow,1
fates,1
attached,1
feebly,2
traces,2
thing's,1
strangers,1
attitude,3
ambled,1
efforts,7
standstill,1
rustic,1
beckons,1
threaded,1
yesterday,2
strivings,1
terrors,2
find,39
hopeful,1
simplicity,2
teeth,3
agreeably,1
combed,1
timid,1
encouraging,1
fifty,1
streaming,2
answered,6
suspicions,1
vigil,1
jotted,1
retain,1
brightened,2
lyrical,1
forepaws,1
humble,3
midwinter,1
illustration,1
cordials,1
bell,3
dwindles,1
distilling,1
jams,1
knotting,1
ricks,1
wagons,1
inevitable,1
handcuffed,1
disengaged,2
reminiscences,1
heartiness,3
reproduce,1
considering,6
relate,1
respectful,3
thunder,1
listless,1
awake,1
toad-'whoops,1
murmurings,1
seizure,1
rise,2
glazed,1
gratification,1
resolutely,1
seawards,1
concluded,1
threshold,1
acting,1
sailors,2
repack,1
recklessly,1
entire,2
trumpet,1
glimpse,3
patrolling,1
light-'hearted,1
stretching,1
ageing,1
overtake,1
drained,1
jog,3
breathing,1
hence,2
lying,9
continuing,1
burden,2
blithesome,1
odorous,2
dismay,3
encircled,1
slap,1
joined,2
canvas,2
steering-'way,1
tighter,1
gathers,1
merrily,1
anchor-'chain,1
bowsprit,1
warped,1
x,2
choice,1
glide,2
severest,1
mackerel,1
snatcher,1
childhood,1
gaily,5
hat-'box,1
tethered,1
ending,1
lawyers,1
tufts,1
southwestwards,1
pistol,2
sea-'grey,1
quay,1
casquet,1
fog,1
liner,1
watermen,1
fishings,1
deep-'sea,1
treasure,1
escaping,1
bordered,2
strive,1
comradeships,1
shirts,3
slake,1
intervals,12
rallies,1
solemnly,4
breaking,1
gulls,1
leech,1
freshened,1
guitar,1
travelling,1
north-'easter,1
shrouds,1
weighing,1
dotted,2
jealously,1
flowed,2
living,10
glances,5
ruby,1
equal,2
grey-'green,1
far-'away,1
strengthened,1
distressful,1
rivers,1
racing,1
bars,1
half-'hour,1
roadsteads,1
league,2
widow,1
nap,1
adventurer,2
magical,1
quayside,1
cornwall,1
animal-'friends,1
lisbon,1
fuming,1
perch,2
qualm,1
tis,1
moon,8
hearer,1
conducting,1
assuaged,1
accompany,1
villas,1
commendations,1
blushed,1
unsteadily,1
turnips,1
laden,1
thus,1
mouthfuls,1
garnered,1
pacified,1
bottled,1
miserably,1
flask,2
straw-'covered,1
long-'necked,1
garlic,1
whereas,1
hatches,1
inadvertently,1
polite,1
ocean-'bound,1
shipmates,1
table-'cloth,3
date,1
fragrant,1
meeting,2
ports,1
by-'gone,1
olive-'woods,1
frightfully,6
drinking,3
managed,8
porpoises,1
casks,2
bobbing,1
shorewards,1
peace,5
ghost,1
cabin's,1
stuffy,1
corsica,2
quitted,2
palermo,1
vaporous,1
memory,3
handsome,10
phantom,1
dream-'canals,1
enthralled,1
venice,2
use,7
roamed,1
coasted,1
thence,1
panoply,1
cistern,1
temple,1
halted,1
lazy,1
sleepily,1
levant,1
look,64
troubles,2
wonderful,5
toad'll,1
highly-'coloured,2
jars,1
voyage,3
circumscribed,1
twinkle,3
embarking,1
chased,2
ocean,1
london,1
kitchen-'gardens,1
coaxing,1
bedclothes,1
benefit,2
norwegian,1
masquerade,1
yearnings,1
simulated,1
ancestor,1
snorted,2
northmen,1
imagining,1
honour,2
recollection,2
norway,1
sigurd,3
inadequate,1
constantinople,3
port,4
endless,1
judge,3
unconvincing,1
cockle-'shell,1
northwards,1
pushing,1
larder,1
farm,3
happiness,3
mused,1
southward,1
footsore,1
disguises,1
humour,4
experience,2
conviction,1
hour's,1
freshwater,1
mercy,3
moorhen,1
cropping,1
wanting,4
spoon,1
snuffed,1
stranger,3
breeches,1
wrinkled,1
steering-'wheel,1
sending,5
heart's,1
attach,1
offices,1
unquestioned,1
portentous,1
unseeking,1
quite,77
muse,1
tangle,1
field-'mouse,9
half-'buried,1
giggle,1
adriatic,1
river-'wards,1
waters,1
framed,1
wine,2
islands,5
stray,1
thronged,1
glittered,1
farmyard,1
delightful,1
crested,1
inner,1
led,17
panorama,1
outline,1
lizard-'haunted,1
sticks,8
dances,1
blood,2
english,4
wounds,1
self-'admiration,1
water-'lilies,1
desire,1
home-'sick,1
opportunity,2
craves,1
ponds,1
self,1
imagined,2
abandonment,1
waft,1
awaken,1
second-'hand,2
pale,4
forced,3
southern-'bound,1
dormant,1
appeased,1
chord,1
burned,1
reminiscence,1
troublesome,2
lazily,1
where,72
indoors,5
lakes,1
win,1
mountains,2
marks,1
spine,1
elegant,1
gales,1
picture,1
content,1
interrupted,2
inland,5
insect,2
assure,4
doze,1
compare,1
theory,1
circlings,1
breakfasting,1
recollections,1
homes,1
arranging,1
earnestly,2
telegraphic,1
restlessly,2
engagement,1
third,3
spied,1
grumpily,2
express,1
lagoons,1
bottle,1
undignified,1
picnic,1
stroll,4
baggage,1
furniture,1
chain,2
games,1
errors,1
aquamarine,1
signals,1
oats,1
lenient,1
frivolous,2
belongings,2
dress-'baskets,1
wildly,3
hardships,1
flats,2
groups,2
tunnelling,1
channel,1
harvest-'mice,1
allowanced,1
toss,1
swaying,3
whisperings,1
penniless,1
trots,1
tumbled,3
murmurous,1
eaves,1
wheat,2
a-'shiver,1
coupled,1
customers,1
mariner,1
bus,1
engagements,1
craving,1
unsettled,1
routes,1
pension,1
conveniently,1
boarders,1
waiters,1
chasing,2
scents,2
shrink,1
front-'door,1
faded,1
seats,1
revived,1
uptails,1
quiver,1
winged,1
raising,1
bidding,3
ranks,2
squad,1
blessed,1
landscape,2
assert,1
robin,1
here's-'a-'belt-'for-'the-'mole,1
fallow,1
premonitions,1
measure,1
tawny,2
height,1
pomp,1
summer's,1
warnings,1
vexed,1
honest,3
succeed,1
swaggered,2
occur,1
pillow-'case,1
fox,1
ho,14
moth-'like,1
foundation,1
flitted,2
certainty,1
night-'jars,1
roar,1
shod,1
weapons,3
disappear,1
unhurt,1
boats,9
slowed,1
rushed,2
handful,2
seriously,9
ward,1
sparks,1
furiously,1
shovelling,1
insect's,1
glanced,4
queer,1
meadow-'sweet,2
flight,1
distress,1
sore,2
justice,2
moly,5
refuse,2
colouring,1
stride,1
loathsome,1
chickens,1
being,35
confess,2
marseilles,2
save,2
supplication,1
roof,2
clasped,1
dispirited,1
detectives,1
pot-'hats,1
heavily,1
truncheons,1
helmets,1
gaining,2
mother,5
coal-'dust,1
steadying,1
antics,1
conveniences,1
stifled,1
upsetting,1
gaze,2
shores,2
climb,2
praise,2
ruined,4
flying,7
flag,1
rows,2
slope,2
out-'of-'the-'way,1
missus,1
duties,2
dirty,2
quarrelling,1
nothings,1
cotton-'waste,2
cave,2
burly,1
twirling,1
oiled,1
mightily,1
uncalled-'for,1
engine,12
grammar,1
directions,5
ends,1
parents,1
method,1
noble,1
bread-'and-'water,2
wretched,1
week's,2
platform,1
blindly,2
passengers,1
madam,1
game,2
purse,2
don,1
blend,1
instructions,1
productions,1
no-'pocketed,1
inferior,2
plainly,2
many-'pocketed,1
half-'forgotten,1
mediterranean,1
distinguishes,1
pencil-'case,1
horror,3
steal,5
eternally,1
bows,1
blunt,1
goal,1
red-'curtained,1
stringency,1
leaping,4
muscular,1
nightmare,1
one,158
necessary,3
masonry,1
booking-'office,1
half-'an-'hour,1
aha,2
skip,1
back,109
hind-'leg,1
trucks,1
shunted,1
companionship,1
witty,2
brightly,3
banging,2
engines,3
puffing,3
amusement,2
success,3
dizzy,1
desperately,5
seaports,2
master's,1
rejected,1
jokes,1
courtyard,1
destined,1
etc,1
taste,5
satisfying,1
thumping,1
limits,1
filled,9
wreathed,1
overstep,1
supposed,1
enveloping,1
dignity,1
cell,6
mentioned,1
waits,1
mr,34
egg-'cup,1
effective,2
whimpered,1
prompt,1
dock,1
subjected,1
lit,6
trickled,1
gate,2
gateway,1
squat,1
sucked,1
inspire,1
they,371
somehow,16
washerwoman,18
sex,1
popularity,1
humbled,1
hazardous,1
disappointed,2
table-'d'h,1
footstep,1
distracted,1
quaking,1
respectable,2
flights,1
chin,4
tied,3
expected,2
fold,1
professional,1
hook-'and-'eye,1
waistcoat,5
victim,1
readily,2
dangerous,2
style,2
triumphal,2
herself,2
travels,1
household,1
ballad,1
image,1
picturesque,1
a-'field,1
books,1
dumped,1
gagged,1
apron,1
wheelings,1
filament,1
trouser-'pocket,1
whitewash,3
matches,2
completed,1
practically,1
sovereigns,1
radiant,3
interview,1
till,66
beforehand,1
asunder,1
pursue,1
neck,5
bearing,1
ushered,2
lady,5
cuffed,1
lent,1
ticket,3
huff,1
alike,1
she's,2
views,1
astonishment,1
sounded,5
thursday,1
dozen,2
attending,1
misery,9
friday,1
washerwomen,3
admired,1
rescue,2
invitation,2
gulf,1
blossom,2
hues,1
social,2
soldier,1
long-'neglected,1
vanity,2
talks,1
pleasantest,1
pawed,1
curled,1
stable-'helps,1
dinner-'parties,1
fits,1
sing,5
self-'satisfied,1
hurdles,1
extremely,2
pets,1
scrambling,1
songs,9
linen-'presses,1
china-'cupboards,1
unseen,2
wash-'house,1
represent,1
hen-'house,1
disgracefully,1
became,6
pigeon-'house,1
half-'sheets,1
pig-'styes,1
wagging,1
kitchen-'garden,2
exceedingly,3
scruff,1
walled,1
trap,1
insect-'haunted,1
fish-'pond,1
nearing,3
treasures,1
thither,3
boathouse,1
throw,1
these,26
crouching,2
avidity,1
churning,1
mess,2
carried,7
pitching,1
pounds,1
cloud,4
morocco,1
dating,1
remainder,2
strike,2
self-'contained,1
eligible,1
topic,1
dressing-'room,1
lifetime,1
munched,1
sipped,1
hint,1
twitter,1
contented,2
breakfasts,1
steady-'going,1
cup,2
sea-'wall,1
lastly,2
searched,3
stalks,1
loosestrife,1
rosy,1
restored,2
flutter,1
resentful,1
chair-'legs,1
comforting,4
bees,1
cattle,2
flat,6
violet,1
deeds,1
risers,1
sniffed,3
fragrance,1
coaxingly,1
knocked,1
thump,1
severely,7
look-'out,2
excellently,1
meanness,1
depart,2
print,3
forgetting,4
airs,1
comradeship,1
sulks,1
pitying,1
piebald,1
uncanny,1
tray,2
after-'dinner,1
revolvers,2
formed,4
litter,2
mice,1
straddling,1
relished,1
massive,1
patting,2
canary,1
particularly,6
good-'hearted,2
wench,1
daughter,9
foreigner,1
plastered,1
arrangement,2
frequently,1
couples,1
unfriendly,2
refusing,1
chilled,1
lamentations,1
judgments,1
languish,1
vanishing,1
schoolboys,1
red-'faced,1
bestowed,1
egg-'spoon,1
imaginative,1
audacious,1
desirable,1
doubled,2
imprisoned,2
outer,3
coach,1
medieval,1
forebore,1
noisome,1
dank,1
half-'dozing,1
reed-'talk,1
bind,2
exhausted,5
waifs,1
ah,4
healer,1
rent,1
promise,5
reddened,1
dreamful,1
quietly,17
palings,1
hark,1
soaking,1
bounded,1
bark,1
fairy,1
whines,1
voices,6
mid-'stream,1
farewell,3
however,13
marching,1
tow-'path,3
tearing,2
hates,2
upstream,1
gap,1
boat's,1
recently,1
restraint,1
securely,1
comforted,3
crying,7
leaned,2
elbow-'deep,1
slipping,1
obey,2
wakes,1
nurse's,1
happily,3
pulsate,1
permissively,1
father's,1
wriggled,2
friend's,4
yours,14
billiard-'room,1
sworn,1
brief,1
pulling,4
penalties,2
recall,2
uncommunicative,1
tenderness,1
wakened,1
hour,31
lighthearted,1
spoil,2
cloops,1
haunting,2
remembrance,1
trivial,1
revealed,1
bestow,1
eventually,3
oblivion,1
caressingly,1
impeded,1
extent,1
toilet,1
humility,1
aspens,1
language,1
twittering,1
herb-'borders,1
tossed,1
realised,1
blankly,1
earth-'heaps,1
shooting,2
unutterable,1
childish,1
podgy,1
brunt,1
one-'pocketed,1
lilting,1
pen,1
hooves,1
lips,3
supple,1
sum,2
rippling,1
half-'smile,1
correct,1
clothe,1
bearded,1
sweep,3
helper,2
flushed,1
gone,18
rightly,4
dominant,1
hushed,1
appeared,5
violently,1
stricken,1
peg,1
woman,8
bag,1
cowed,1
examined,3
august,1
hollow,7
smote,1
chiefly,1
transformation,1
awe,4
terror,8
mile-'long,1
note,3
marvellous,1
corridor,1
chosen,2
veil,1
crack,1
wearily,3
significance,1
reserved,2
birch,1
anchored,1
show,10
unerring,1
shimmering,2
weir's,1
rumble,1
deadened,1
foam-'streaks,1
journey-'money,1
eddies,1
brotherly,1
bridge,4
glinting,1
rear,1
twigs,1
foam,1
afterwards,4
half-'circle,1
pearly,1
riotous,1
vivid,2
water-'side,1
paralysed,1
smitten,1
meadow-'grass,2
faint,9
onwards,2
approach,1
flower-'decked,1
imposed,1
melody,1
raked,1
among,9
fringed,3
bowed,5
comrade's,1
ford,6
wave,3
transfixed,1
breathless,4
antimacassar,1
joyously,1
acre,1
eggs,3
general,1
dealt,1
rowed,2
rushing,1
outspread,1
cheese,3
powerless,2
bathed,1
rhythmical,2
rapt,1
osiers,3
music,10
nourishing,1
gavotte,1
stove,1
boat,39
hinted,1
hotly,1
piping,3
aroused,1
roaring,3
beauty,3
drawings,1
sees,1
passes,5
spellbound,1
christmas,1
strokes,1
intentness,1
bulrushes,1
reeds,7
breeze,4
piped,1
clearer,2
reluctantly,1
sank,4
lest,3
water-'ways,1
ditches,2
leading,7
culverts,1
flow,1
shone,2
hunger,3
kingdom,1
willow,2
overshadow,1
pure,1
mystery,4
bulging,1
burrows,3
washed,3
dandled,1
shirking,1
disclosed,1
musical,2
wide-'spread,1
suggestions,1
surfaces,1
mortal,1
lifted,3
rim,1
author,1
smooth,1
climbing,1
occupied,2
unexpected,2
gurglings,2
well-'earned,1
galloping,1
vocations,1
reports,1
sink,1
searches,1
population,1
bush,1
shadows,1
from,174
during,8
midstream,2
riding,1
blissfully,1
caution,1
suspicion,3
furrow,1
heart-'sore,1
sun-'bonnet,1
wandering,2
fish,1
stone,6
waved,1
exploring,1
spit,1
swimming-'lesson,1
greatly,7
choose,2
pumped,1
otter's,2
breakfast-'room,1
trace,1
stern,7
self-'possessed,1
straying,1
worry,1
hide,2
saluted,2
coolness,1
growing,5
dock-'leaves,1
unlocking,1
carol-'singing,1
comrade,1
high-'spirited,2
hither,2
lead,6
keeping,6
energy,3
cloudless,2
midsummer,1
significant,1
disappointing,2
dispersing,1
counted,2
torrid,1
sullen,1
affably,1
lingering,4
lurid,1
beneath,1
willow-'wren,1
england,4
sewed,1
purring,1
front,26
stoutest,1
creaked,1
rusty,5
befall,1
aught,1
mark,1
pottering,1
candlestick,1
thy,2
watch,3
resource,2
armed,3
matchless,2
dies,1
guilt,1
listener,2
contest,1
criminal,2
reach,3
vile,1
loon,1
thee,2
helmet,1
vanished,5
sergeant,4
route,1
mighty,5
boiled,1
bunch,1
fierce,1
shifting,2
gaoler,4
slippers,4
imps,1
dungeon,5
grimmest,1
pasty,1
feeble,4
warders,4
leash,1
caps,1
vizards,1
rag,1
land,10
men-'at-'arms,1
farewells,1
stuffing,1
winding,2
time-'worn,1
contempt,2
sarcastic,3
coughed,3
wafted,1
soldiery,1
guardrooms,1
blissful,1
frowning,1
portcullis,1
drawbridge,1
hollow-'sounding,1
favour,2
hooting,2
barge-'woman,16
mutter,1
rose,14
touched,3
assailed,1
persuasion,1
fights,1
toad-'bird,1
crime,2
powerful,2
tangled,3
playful,1
shrieking,2
chauffeur,2
court,1
remained,6
chains,4
prisoner,3
loaded,3
running,23
wing,2
whole-'hearted,1
plumage,1
hapless,2
steer,4
submissively,1
minions,1
suggestion,5
unscathed,1
walks,1
figures,1
harbours,3
witness-'box,1
fifteen,1
trouser,1
carries,1
pangs,1
cheeking,1
seclusion,1
overhung,1
enjoying,2
fist,1
recital,1
offences,1
impose,1
penalty,2
stiffest,1
recognised,2
impertinence,1
thirdly,1
jobs,1
secondly,1
valuable,1
frank,3
stealing,3
facing,3
desert,1
poison,1
disguised,2
guilty,1
cowering,1
scouring,1
hardened,1
appearance,5
rogue,1
incorrigible,1
sufficiently,1
heavy,4
difficulty,6
magistrates,3
instincts,1
thing,60
fulfilling,1
sped,3
squared,1
conduct,3
sonorous,2
waggled,1
chanted,2
muddy,1
trail,1
cask,1
peep,1
easterly,1
progressive,1
cannot,6
lone,1
traffic-'queller,1
highest,1
nightfall,2
post-'office,1
devoured,1
onions,3
suspended,1
temporarily,1
keenly,1
obvious,2
serious,3
appreciate,1
streets,1
happening,2
archway,2
angrily,2
sprawling,1
spirited,1
driver's,1
trunks,1
punched,2
soul,4
downstairs,1
handle,1
bad,20
deeply,6
outing,1
musing,3
sufficient,2
hangers-'on,1
quell,1
unattended,1
rounded,2
harm,3
unequipped,1
bar,1
smartly,1
snap-'dragon,1
merits,1
chilly,1
inn-'yard,2
a-'trembling,1
shrieks,3
soft-'hearted,1
coffee-'room,3
breakfasted,1
penetrated,1
lion,2
intermediate,1
hove,1
education,1
worthy,3
shattered,2
brain,3
still,82
begun,4
dwelling-'place,1
self-'praise,2
joining,1
whitewashing,1
leather,1
briskly,1
foolishly,1
irresponsible,1
fittings,1
waist,1
ease,3
turbid,1
submerged,1
policemen,8
precious,1
undertakings,1
rejoined,1
therefore,2
brutal,2
divine,2
lightheartedly,1
feature,2
metalled,1
spin,1
tudor,2
improvised,1
girl,12
stupid,4
cash,4
mastiffs,1
erection,1
suit,4
smartest,1
errand,2
gained,6
reflection,1
keen,3
wings,1
affrighted,1
forecourt,1
disagreeable,1
convenience,3
stability,1
lawyer,3
dustiest,1
asking,3
french,4
slightest,4
affairs,2
doctors,1
farmstead,1
towers,1
credit,1
sad,2
fear,4
selected,3
supper-'table,1
weather,6
gaoler's,4
closer,1
doctor,4
bothering,1
millionaire,1
liking,1
miss,3
gentlemen's,1
expect,2
spice,1
condition,1
cellars,1
amuse,1
move,8
they'll,2
incautiously,1
inquire,2
thank,5
artfullest,1
sunday-'school,1
hero,2
different,8
submissive,2
unduly,1
fidgeting,2
duty,4
swiftly,3
altered,2
schemes,1
acreage,1
revive,2
tin,2
wayfarer,4
completely,3
despondent,1
amidst,1
climax,2
uncouth,1
crouch,1
guardians,1
undoubtedly,2
rutty,1
comfrey,1
divided,2
system,2
parts,8
lamplight,1
seek,1
ecstasies,1
paddling,1
turns,2
unguarded,1
sighing,1
captivating,1
tedious,1
conference,2
tremendously,1
keyhole,1
shouting,7
losing,1
stair,1
key,3
nurses,1
donkey,1
faithful,3
populous,1
stairs,3
lock,5
quit,1
noticed,8
moping,1
feared,1
won,2
yield,1
hopes,2
criticising,1
emphatically,1
earthly,1
evil-'minded,1
eloquent,1
hewn,1
backsliding,1
scandalised,1
pottedme,1
gripped,2
sullenly,2
hoping,1
pause,1
collar,1
perceived,1
truly,2
pointing,4
discourse,1
discreetly,1
plentifully,1
circle,3
furrowed,1
cheeks,3
wobbled,1
double,1
three-'quarters,1
motley,1
picked,9
long-'drawn,1
cheer,7
oratory,1
lights,6
built,3
rising,8
cure,3
public-'houses,1
contemptuously,1
desired,1
facts,1
shelf,1
respects,2
fools,1
allow,1
exception,1
fortunes,1
independence,1
police,5
furious,3
money,18
squandering,1
performers,1
watches,2
disregarded,1
seeming,2
revenge,2
removal,1
evaporated,1
blustering,1
outrage,1
fascinated,3
persuaded,1
pitifully,2
ridiculous,2
final,2
illustrations,1
knees,5
car,15
interfere,2
require,1
friendly,8
protesting,4
district,1
hustled,1
smile,7
highwaymen,1
rudder-'lines,1
unfinished,1
meals,1
reflected,4
flagon,1
thrill,3
countenances,1
faltered,1
apricot,1
repartees,1
gloves,1
drawing,3
waddle,1
enormous,2
breakers,1
xi,2
flash,2
sight,25
gaiters,2
arrayed,1
favourite,1
outside,19
danger,5
support,2
scene,2
cows,2
gratified,1
single,1
mission,2
convert,1
accomplished,1
comparatively,1
habiliments,1
residence,3
singularly,1
arraying,1
approval,3
exceptionally,1
source,1
trustworthy,1
mantelpiece,1
fair,4
pocket-'book,1
gentlemen,8
solemnity,1
seriousness,1
glittering,2
click,1
keys,2
utter,4
egg,2
belt,5
plans,4
discussing,1
mistrustfulness,1
boat-'hooks,1
inconveniently,1
repairing,1
clothes,8
paddles,1
mending,1
hi,1
creepers,1
swooping,1
ingenious,2
varnishing,1
strings,2
spiky,2
bushy,1
expectancy,1
spaces,1
happy,22
abandon,1
existence,1
special,3
tactful,2
nose,15
rancour,1
cockle-'shells,1
smilingly,1
misfortune,1
unconsciously,1
trusted,1
justly,2
rested,4
mellow,1
faery,1
reaping,1
k-'i-'ck-'ck-'ck,1
exist,1
detached,1
ripping,1
whistle,1
roses,2
tremendous,3
snow-'bound,1
closed,10
stuffed,4
jacket,1
after-'lives,1
fat,13
nowell,1
wishes,1
showering,1
clattered,1
anxiety,1
home-'coming,3
trot,3
magically,1
knows,5
cabbage,2
delay,2
beam,1
board,7
nibble,1
rises,1
barren,1
play-'acting,1
entrance,3
bringing,2
strange,9
regulations,2
humane,1
coaxed,1
turned,37
tongue-'tied,2
certain,8
escaped,4
basking,1
corsair,1
torrents,1
over-'mastering,1
plays,1
whereon,1
act,2
highways,1
mulled,2
choking,1
serve,2
heater,1
forget,9
riverbank,1
pettifogging,1
brew,1
prepare,1
corks,1
ale,4
perceive,2
curve,1
swell,1
label,1
consent,1
panted,1
history,3
failing,1
here's-'a-'sword-'for-'the-'toad,1
warder,2
purchases,1
event,1
read,2
bravo,1
expecting,2
roam,1
towering,1
hearth,1
provided,5
errant,1
buggins's,1
pound,1
say,44
shops,2
arrange,5
masterful,1
greenness,1
plumping,1
difference,3
caustic,1
sorrowful,1
yourselves,2
boys,2
dazzled,1
o'er,1
peal,1
bewitching,1
softhearted,1
recovering,1
convincing,2
clangorous,1
travelled,2
hunting,6
coin,1
sidelong,1
die-'hards,1
doors,8
smiling,4
succeeding,1
vainly,1
bashful,1
period,1
befell,1
hers,1
mary,1
wiped,4
toiled,1
joseph,1
truncheon,1
vacated,1
strolled,1
goodman,1
herbs,1
wait,11
perished,1
anon,1
benison,1
greet,2
burton,1
pranks,2
fingers,6
drab,1
bide,2
bargewoman,1
surprising,2
swing,1
lamp-'lit,1
carols,1
old-'time,1
uprose,1
beg,5
exchange,1
coat-'sleeves,1
illuminated,1
offence,2
applying,2
sniffing,1
decently,1
jigging,1
shallow,1
fieldmice,1
eight,1
filling,1
life,51
frankly,2
horn,1
bubblings,1
seasonable,1
cheery,1
drinks,1
backward,1
liberally,1
remarked,17
hurt,5
throats,2
forepaw,2
worship,1
departed,1
candlesticks,1
bravely,2
crammed,1
sentences,1
earths,1
gauntleted,1
green,14
confused,3
raciest,1
gravel,1
scuffling,1
decoying,1
easily,7
by-'paths,1
remarkable,1
strove,2
needed,1
expatiate,1
mechanically,4
replete,1
possessions,1
roads,2
savings,1
laborious,2
bargain,1
bays,1
recent,1
sanguine,1
heaving,1
bodies,1
beef,1
times,17
wake,5
bosom,2
voyages,2
lightless,1
irrevocable,1
forks,2
knives,2
surely,16
carpets,1
busied,2
prints,1
were,157
jolliest,1
moment's,3
deny,1
up-'to-'date,1
beggar,1
cloud-'drift,1
beer,1
lowered,1
luxury,1
grinning,2
gras,1
foie,1
t,1
poop-'poop-'poop,1
chattered,1
such,44
crestfallen,2
p,1
bread,3
silver,5
provide,2
encased,1
whose,8
box,1
inquiring,2
depressing,1
forage,1
sorrowfully,1
neighbourhood,2
distinctly,1
brightness,1
carriage,1
sardine-'opener,2
prodding,1
moaned,1
uneasy,2
stage,3
tramping,2
herbage,2
casual,2
blanket,1
fro,1
polished,2
yard,4
dusted,1
uncomfortable,1
encouraged,4
drawer,4
duster,2
punish,1
says,11
fetch,7
snatches,1
five,7
sleeping-'bunks,1
oporto,1
sticking,2
beady,1
happen,5
pulsated,1
authentic,1
united,1
candles,1
landed,7
lighting,1
half-'turn,1
heed,3
recover,2
toasting,1
hall-'chair,1
whispering,4
worn,1
te,1
vowed,1
glance,5
objects,1
dairy,1
face-'beamed,1
glass,6
silvered,1
topped,1
all,367
clothed,1
fanciful,1
border,1
partridges,1
perfectly,1
gold-'fish,1
risen,2
containing,1
heartening,1
blazing,1
forming,1
sprung,1
pond,4
dogged,2
vintage,1
beer-'mugs,1
pressed,2
marked,1
skittle-'alley,1
failed,3
queen,2
sigh,7
assisted,2
birds,8
infant,2
best-'guarded,1
garibaldi,1
attentively,1
plaster,1
walking-'sticks,1
hills,2
ferns,1
tidy,1
roller,1
royal,1
garden-'seat,1
fore-'court,3
lettering,1
gothic,1
directly,1
dreadful,2
underfoot,1
strays,1
noises,4
fit,8
sanded,1
match,1
forecastings,1
hoisted,1
skirts,2
erect,1
husband,1
draw,4
earthy,1
faithfully,3
promptly,3
forsaking,1
unknown,2
moonlight,2
convent,1
scrambled,6
reapers,1
crossed,5
tumbles,1
confident,2
carry,5
check,2
displaying,1
shed,2
slightly,1
learnt,5
disobedience,1
storm,2
body,8
clicking,1
conscious,2
beguile,1
companion,2
imperious,3
villagers,1
dragged,5
mariners,1
reluctant,1
snuffling,1
obediently,1
accident,2
hurrying,1
toilsome,1
intermittent,1
frequent,2
popular,6
sniffs,1
halberds,2
roadside,3
lost,20
country-'wards,1
stormy,3
planned,5
innocents,1
sheep-'pen,2
pig,4
wavered,2
recognise,1
high-'road,3
oil-'can,1
muttered,4
farmer,1
amazed,1
helping,2
preventing,1
tea,5
sobs,7
forgot,1
roused,2
imaginary,1
pencilled,1
dwell,3
sobbed,4
dingy,2
choked,3
consequence,2
words,8
figure,6
difficult,6
trollops,1
paroxysm,1
unconscious,1
dismayed,3
aired,1
hillside,1
ere,5
sin,1
openly,1
helplessly,2
struggle,2
pealing,1
control,4
savoury,1
tree-'stump,1
tide,4
forlornly,1
unbending,1
journey,1
dragging,1
copse,1
let's,8
tree-'stumps,1
companion's,1
official,1
noticing,3
unsuspecting,1
callous,1
friendship,2
light,21
discreet,1
sea-'beacon,1
brute,3
reproached,1
retreating,2
sardinia,1
stop,39
puckered,1
greybeard,1
heartstrings,1
weather-'beaten,1
magic,2
tarry,2
at,428
dared,6
thumbscrew-'room,1
endeavoured,1
claimed,1
understood,5
abandoning,2
want,52
test,1
sob,2
daren't,1
motor-'clothes,1
aback,2
they're,14
points,3
suspiciously,2
punctuated,1
skill,1
anguish,1
dreary,1
joyful,3
instantly,5
reminder,1
inquired,8
smoking-'room,5
plaintive,2
tilted,1
squeaky,2
shuffled,2
crumb,1
anger,2
shrunken,1
matter,18
bitterness,1
returns,1
reproachfully,3
abandoned,2
canal,10
furnished,1
memories,3
entice,1
rush,8
surprises,1
pleasures,1
immense,2
caique,1
son,2
messengers,1
kids,1
scouts,1
appealingly,1
sought,4
days,20
reasonable,1
tugging,1
invisible,1
afternoon,9
appeals,1
caressing,1
meant,4
unmistakable,2
sleep-'walker,2
fullest,2
helpful,2
searching,3
remember,8
calls,1
inciting,1
owe,1
summoning,2
straining,1
range,1
include,2
otherwise,3
provisions,1
patched,1
terms,2
bordeaux,1
inspecting,2
physical,1
spent,1
electric,2
humped,1
habit,1
singers,1
barriers,1
impatience,1
signs,1
guidance,1
fix,5
ships,3
reddening,2
pitch-'dark,1
over-'sea,1
consequently,1
long-'absent,1
door-'latch,1
sell,3
cottages,1
bitter,3
wiping,2
leaving,9
subsided,4
yawned,1
gape,1
uneasily,2
headland,2
stirred,2
screen,1
pursuit,2
tips,1
fluffy,1
fraction,1
sugar,1
dull-'edged,1
recognisable,2
flame,1
distinct,2
de,1
armchairs,1
fractious,1
appurtenance,1
wire,2
penetrating,2
silhouetted,1
discovered,3
mutinously,1
curtained,1
gatherings,1
raw,1
disgust,1
transparency,1
blank,4
stiffly,1
blind,3
smouldering,1
enable,1
huddled,1
observant,1
what,213
cat,1
watched,6
nineteen,1
spectators,1
observation,2
inflated,2
goes,4
actor,1
giving,8
grace,2
coasts,1
grimly,4
gesture,2
handiwork,1
spluttering,4
lookers-'in,1
fixed,2
file,1
casements,1
overflowed,2
finishing,1
monday,1
parlour-'carpet,1
ourselves,7
street,9
orange-'red,1
powdery,1
cellar,1
wrong,6
rapid,2
unpleasantness,1
scribbled,2
heedless,1
cats,3
bill,2
dogs,2
conventional,1
instant,8
children,6
hiding,1
women,2
positively,1
rashers,1
indifference,1
season,8
office,1
church,2
thickly,1
compulsion,1
unmistakably,1
scattered,1
moreover,1
courtesy,1
lighter,3
jumping,7
beaten,2
whack,3
plough,1
random,3
guard,3
plodding,3
swathe,1
beginnings,1
bells,1
close,16
dismally,1
well-'kept,1
harvesters,1
months,6
made,61
field,7
store,2
cups,1
swaggering,4
brush,3
thin,12
towrope,1
huddling,1
cheerfulness,2
death,1
elderly,1
sunshine,7
conflict,1
three-'and-'sixpence,1
blues,1
asperities,1
restraining,1
divert,2
garden-'plot,1
parapet,1
meanwhile,4
hemmed,1
slight,4
cultivated,1
triumphant,4
bigger,1
current,2
three,10
morning,50
famished,2
overwhelming,1
ploughed,1
mid-'december,1
hedge-'row,1
haul,1
understanding,2
tilled,2
baulked,1
assented,2
sounding,3
jumped,4
heroes,4
surroundings,2
quest,2
vast,1
lively,4
crossly,2
weeks,7
misguided,1
mass,1
victory,1
surface,16
encountered,1
stile,1
party,3
said,312
glint,1
hedges,6
brambles,1
pre-'occupied,2
introduce,2
hasty,2
camping,1
flourished,1
growth,1
comely,1
steered,3
confusedly,2
grecian,1
deepening,1
rock,1
wound,2
surprised,2
birth,2
enjoyed,2
managing,1
heart,23
anxious,11
clearness,1
ladies,1
nevertheless,1
lord,3
cuts,1
battering,1
punch,1
owners,1
confidently,3
scheming,1
needs,3
oppressing,1
shiver,2
fancy,5
gleaming,4
name,5
advantage,2
good-'bye,3
laboriously,1
grown,2
hillocky,1
freshets,1
amazement,1
streams,2
obliterated,1
gown,4
poetry,6
kept,12
leaf-'mould,1
fern,1
birthday,1
wear,2
dabbling,1
bramble,2
grand,2
offering,1
considered,2
invitations,7
ceaselessly,1
took,62
road,47
argument,1
rains,1
worth,7
enduring,1
nod,2
chords,2
build,2
become,3
fight,5
rode,4
lady-'love,1
horses,4
strode,6
coach-'house,1
astonishing,2
perils,1
pillars,1
wondered,3
river-'gossip,1
store-'chambers,1
vaultings,1
spot,3
persistence,1
observed,13
cupboards,3
holy,1
trifle,3
wavering,1
principal,2
pavements,1
innermost,1
restless,7
possessed,6
crossing,2
wonted,1
you've,37
sheep,2
stayed,4
then,193
eels,1
chimney-'corner,1
architecture,1
smelt,3
threw,5
murrain,1
slumber,3
situated,3
coldness,1
remembrances,1
except,2
tranquillity,1
she,55
stoats,15
spurt,1
master,1
pleasantly,2
weed,2
mischievous,1
neat,3
home-'like,2
commends,1
lots,2
caressed,3
impatiently,3
leaning,7
side,60
knowledge,1
bound,12
foam-'streaked,1
frying,1
opposite,3
enquiries,1
determined,3
anybody,4
hold-'all,1
bed,18
yawning,2
heraldings,1
cleared,3
posted,3
prejudiced,1
girls,3
sixty,1
upheavals,1
spain,1
fried,2
chorus,2
shop,1
ham,4
yesterday's,2
i'd,7
dreamer,2
rate,3
detected,1
towel-'horse,1
extract,1
heard,56
grim,5
twice,4
stopping,1
friend,28
cuff,1
bough,1
explanation,2
contemptuous,1
slice,1
exclusively,1
sloe,1
hold,25
take,63
rooks,1
geese,1
perky,1
attention,8
concerned,1
explained,6
weight,2
olive,1
torn,2
ramparts,1
animal,66
terraces,1
bridges,2
yarns,1
aground,1
paternally,1
snow-'castles,1
disguise,2
until,5
cover,2
streaked,2
tinge,1
continuous,1
branches,4
orchard-'trees,1
serene,1
overhanging,1
pack,2
baffled,1
band,1
mostly,3
wondering,3
form,2
buttered,3
toil,1
blinded,1
taking,12
greasy,1
fairly,4
retired,5
monotonous,1
chaff,5
stage-'fright,1
h'm,1
loudly,1
lean,2
excuse,1
glorious,4
pleading,4
clustering,1
best,42
channels,2
continually,1
severe,3
actual,3
comparative,1
day-'long,1
standing,9
activity,1
properly,7
company's,1
intense,2
present,3
joins,1
disturbed,1
holes,10
parties,2
formal,1
coffee-'pot,2
grasped,2
terrible,8
emperor's,1
sympathetic,3
voice,24
saucepan,1
picking,1
pored,1
cutting,1
fighting,2
emancipated,1
tying,2
bold,2
gaps,1
acres,2
billy,4
itself,23
respectfully,5
rumpus,1
spoons,1
oatmeal,1
majestic,2
upside,2
bolt-'holes,1
injunctions,1
sheets,5
garments,2
wayfaring,1
snort,1
lavender,1
linen,2
substantial,1
shake,2
apples,2
acted,1
shimmer,1
gently,5
stores,3
loft,1
untarnished,1
ball,1
pounded,1
conscience,3
straddled,1
bedchamber,1
conducted,3
kind,14
gipsy's,2
atmosphere,3
suited,2
faced,1
jerk,1
prepared,2
drums,1
fidgety,1
animal's,4
shorter,2
german,1
fatal,1
water-'logged,1
nights,7
remains,2
stretch,7
aided,1
direct,1
hideous,1
my,165
sands,2
wistfulness,1
asleep,7
grounds,1
fragments,2
off-'season,1
head,48
thanks,2
strenuous,1
century,1
fetched,6
remotest,1
according,2
explain,3
dressing-'table,1
regardless,2
fines,1
literally,1
raise,1
pursuing,1
machines,2
mandoline,1
finest,3
immediately,2
fishing,2
shillin,1
muttering,4
driver,12
rubbing,1
emotion,4
seeds,1
convinced,2
damp,2
well-'trained,1
steady,3
heath,1
mastered,3
driving,7
higher,1
war,1
how's,2
chatted,1
embers,1
trip,6
started,7
walking,9
cleaning,2
idea,16
sheer,5
hand,21
elbows,3
swollen,2
occurred,3
barbary,1
downright,1
obligingly,1
bustle,1
earnest,2
actually,3
changed,9
attack,4
laying,2
storm-'driven,2
sticking-'plaster,2
burning,2
keep,21
dressing-'gowns,1
artifice,1
boots,1
mother-'weasels,1
worries,1
sunk,1
drone,3
stream,13
coats,2
assist,1
passing,11
steaminess,1
remove,2
levelling,1
synopsis,1
toast,8
crackled,2
other,97
sarcasm,1
distinction,1
lingerings,1
attracted,1
bubble-'and-'squeak,1
trumpeters,1
wheel,5
angels,1
throbs,1
flickered,1
shiny,2
compared,2
ceiling,1
bird-'haunted,1
sympathetically,1
builders,2
cellar-'door,1
moderately,1
iv,2
allowed,5
smoky,1
seaman's,1
fixedly,2
ruddy,1
comfort,4
nations,1
vii,2
motor-'car,25
mirth,3
regarded,2
scores,1
clumsy,2
fitly,1
dried,3
smash-'up,1
hams,1
settle,6
ceasing,1
sunless,1
dresser,3
six,8
benches,2
trestles,1
crinkly,1
gross,3
bijou,1
placed,8
stoutly,1
security,1
room,29
accommodations,1
indifferent,1
easier,1
rapturous,1
obstructing,1
despair,10
tucked,2
mention,5
undertaking,2
chimney-'corners,1
stones,1
stew,3
rural,2
humpy,2
well-'worn,1
original,1
furnace,1
beech,3
beaming,1
quiet,27
fire-'lit,1
rowing,3
not,186
bade,3
touching,1
glow,3
despairingly,1
comfortable-'looking,1
group,1
apparent,2
branching,2
truth,2
horse-'dealing,3
frequented,2
letters,3
gloomy,2
relief,1
champagne,1
plain,10
walked,11
arranged,7
eagerness,1
stepped,6
threads,1
point,12
kettles,1
bear,7
disturbing,1
began,40
indignantly,1
suspicious,2
preferred,1
pair,3
disporting,1
shot,4
pooh,1
perched,3
intelligent,4
home-'made,1
shuffling,1
pattering,4
respond,2
rings,3
deep-'toned,1
hurriedly,5
elder,2
emperor,2
clash,1
babble,1
vessel,2
painting,1
account,3
continued,20
lacking,1
hearty,4
beset,3
wise,4
hastily,1
unused,1
seizing,1
penitence,1
toad's,36
rattled,1
repelling,1
rapture,2
smaller,1
shocked,2
a-'carolling,1
fry,2
resolution,1
disturb,1
slushy,1
interest,7
capital,4
comments,2
falling,4
undispersed,1
square,3
tradesmen,1
delicious,1
raised,4
neatly,2
meaning,1
brass,1
because,13
fiftieth,1
shaken,4
iron,5
minutes,10
waited,14
quays,1
ten,3
light-'headed,1
gay,5
hardest,1
ardour,1
believe,9
sides,4
situation,8
scratch,1
firmly,9
we'd,3
creeping,3
haste,3
vaulted,1
regarding,1
suggestive,2
nonsense,5
transform,1
high-'backed,1
truthfulness,1
laws,1
perfect,7
exclaimed,2
belonged,3
door-'mat,7
rewarded,1
arguing,4
pleasant,18
reputation,1
black,16
shield,1
solemn,4
reflectively,3
door-'scraper,5
told,20
obtuseness,1
ability,1
inviting,2
person,1
generalship,1
suites,1
object,4
attained,1
officials,1
brothers,3
inches,1
talkative,1
gave,21
haven't,6
hobbled,1
gentle,1
delighted,3
nursing,1
give,24
executing,1
spending,1
hooray-'oo-'ray-'oo-'ray-'oo-'ray,1
swung,13
shelter,4
winds,2
gardening,1
closing,6
brother,3
awhile,2
ooo-'ray-'ooray-'oo-'ray-'ooray,1
examining,4
afresh,1
connected,2
dabchicks,1
handkerchief,6
seem,12
confronted,1
vessels,2
nursed,1
labours,3
shin,4
spoken,2
conceited,11
bits,3
investigating,1
foresail,1
whirling,1
protection,1
free,12
shipboard,1
lonely,2
by,253
dell,2
goloshes,2
wade,1
shyly,5
awful,7
swallow,6
hedgehog,3
shirt,1
send,7
grinned,1
brimming,1
blest,2
topical,1
dreamy,3
quarries,1
push,1
within,10
undergrowth,3
amount,5
pocket,8
beginning,8
long-'forgotten,1
mournful,1
salon,1
thicker,1
feasting,4
quickset,1
visitor,2
breath,8
fainter,1
tree-'trunk,1
trade,3
glowing,4
count,1
weather-'bound,1
vary,1
objections,1
dismissing,1
refused,3
foreign,2
a-'waiting,1
monotony,1
water-'jug,2
grey-'gabled,1
branch,2
fascination,1
goodnatured,1
steadfast,1
pilot,1
bottles,3
recognized,1
gruff,1
accounted,1
chance,9
touch,6
tingle,2
oaken,2
seeing,6
downs,3
timidly,2
stick,22
that,562
cheek,5
pursued,2
trodden,2
daylight,3
urged,1
midday,1
frosty,3
ghastly,1
pitfalls,1
frustrated,1
hung,11
snowing,2
flung,14
refreshed,3
knowing,11
warmth,5
brackets,1
knotted,1
unforeseen,1
bolder,1
beat,7
nuts,3
dead,8
beautifully,1
patience,2
unpacked,1
guineas,1
splashing,1
heartily,9
tragic,1
ancient,7
murmuring,2
triumph,3
first-'rate,2
was,614
plants,1
creep,2
passwords,1
boles,1
loyalty,1
thunderbolt,1
hundred,5
silvery,2
intellect,1
generally,6
starts,4
laundering,1
rushes,5
languidly,1
everywhere,12
dance,3
summons,6
they've,7
foot,4
this,205
delightedly,1
bedside,1
woods,3
squirrels,1
lose,3
argued,2
guiding,1
tight,2
net,1
nervous,9
gasping,1
cry,8
entrance-'hall,1
remembered,4
beast,4
richness,1
ceased,6
remote,2
valorous,1
self-'respect,1
happens,3
grabbed,1
incredulous,1
woke,5
hesitation,3
fringe,1
corner,6
stump,4
passage,15
whence,2
forsaken,2
ma'am,14
conceit,4
mended,2
pinned,2
pistols,9
bench,2
imprints,1
immured,1
stages,2
soles,1
along,90
hospitably,1
struggles,1
eat,11
convict,1
evensong,1
looked,53
flood-'water,1
age,3
receiving,1
ground,8
accustomed,2
curved,1
rhyme,1
river-'bank,2
sentry-'go,1
doleful,1
vocal,1
o'clock,1
pricking,3
might,33
engaged,3
jeered,2
wriggles,1
ensued,1
menaces,1
teams,1
asked,27
traverse,1
effect,6
tiny,5
er,2
coal,2
above,18
quay-'sides,1
querulous,1
miry,2
dream-'rivers,1
verdant,1
opened,10
shape,2
verses,4
kicking,5
half-'finished,1
retreat,1
simmering,1
paper,7
response,1
spirit,9
muscle,1
fireside,2
insulting,1
dozed,2
tried,23
dusky,1
high,15
offer,2
sculls,8
tiles,1
soundly,3
those,31
fingering,1
weren't,1
dwellers,1
patterings,1
panting,3
hope,7
yawn,1
faster,3
drifted,2
sardines,3
safety,3
gurgled,1
waking,5
stroke,1
knight,1
tree,7
sting,1
refuge,1
dodged,2
gentleman's,1
ran,15
whither,4
minded,1
accounts,3
fighter,1
hail,5
slip,4
bank,39
fool,4
theatre,1
hours,7
villages,3
swerve,1
frolic,1
quarter,2
tie,1
regular,3
pace,13
unfastened,2
iii,2
fetching,2
thirsting,1
unarmed,2
farthest,1
so-'and-'so,1
throughout,1
hesitate,1
starved,1
hitherto,4
whistling,5
untrodden,1
theft,1
self-'indulgent,1
sharp,5
fixing,1
attract,1
proper,6
hundreds,5
braced,2
aunt,7
fashion,1
baskets,4
addressed,3
study,2
annual,1
answer,7
disaster,2
frozen,1
locks,1
hesitated,3
quickened,2
neared,2
embankment,1
wedge-'shaped,1
each,50
chink,4
soft,11
statuary,1
evil,2
speeches,4
re-'opening,1
footfall,1
ruffian,1
winning,1
joy,17
backwater,7
firelight,6
withered,1
alone,9
indistinctly,1
spring,7
tall,3
piles,2
faces,6
muzzle,2
rapidly,6
advanced,1
heeding,1
dusk,2
catching,2
ugly,2
crouched,4
manner,11
tunnel,10
tunnels,1
need,5
faltering,1
salmon,1
sleep-'walking,1
lie,5
worst,7
springing,1
regrettable,2
sluggish,1
mellowed,1
familiar,16
resembled,1
stumps,2
heartrending,1
funguses,1
nodding,3
tripped,5
shrinkage,1
logs,3
apology,1
rolling,3
menacing,1
alarm,4
laughter,8
angered,1
southern,4
swallows,1
scaffold,1
peeping,1
speed,9
pushed,5
discontent,1
elm,1
sleep,10
emerged,1
paying,3
robins,1
articulate,1
drapery,1
everyone,2
sign,3
tea-'table,1
clover,2
paroxysms,1
soil,1
busily,8
mill-'wheel,1
strong,16
corners,4
bones,3
brokenly,1
breeding,1
crab-'apple,1
finery,1
humourously,1
absorbed,5
write,4
numerous,2
ordinary,1
stripped,1
sandwich,1
guns,4
seizures,1
undecorated,1
sleeve,1
seafarer,3
jealous,2
exhilarating,1
dwelling,2
shrill,5
pitiful,2
boards,1
astonished,2
stabled,1
deceptions,1
greeting,3
fellows,23
solid-'looking,1
incidents,1
royally,1
affectionate,5
result,2
sort,53
sunbeam,1
riot,1
prudent,2
shabby,9
feel,24
anyone,1
complained,1
sat,39
secrets,2
good-'humouredly,1
places,5
nestling,1
case,9
when,198
society's,1
insides,1
entirely,9
alert,3
crept,4
eating,3
bare,5
discuss,1
joyous,3
overhead,7
steely,2
explore,1
sustaining,2
to-'day,17
propelled,1
bundles,3
pimples,1
ideas,1
tears,11
alternately,2
blaze,4
me,157
spare,3
inmates,1
increased,3
plenty,2
sisters,1
friendships,1
handy,3
skin,3
draught,2
cornfields,1
tasks,1
stressful,1
rambles,1
arrive,3
striking,1
mid-'day,1
born,2
colour,6
floor,22
brawny,1
sermon,1
you,658
morrow,1
swift,1
momentous,1
jersey,1
hauling,2
wall,8
sallies,2
happened,10
plunge,1
mist,1
dread,2
graciously,2
wavy,1
trailed,2
well,131
boyish,1
retiring,1
please,26
poverty,1
soared,1
kiss,1
advance,1
prince,1
think,55
shelves,1
quarters,6
bring,9
worse,3
bankrupt,1
woo,1
nymphs,1
awaited,2
laughs,1
chambers,1
simple,15
strayed,1
disarmed,1
that'll,3
sayings,2
scrape,5
hawser,2
shepherd-'boy,1
formerly,1
laugh,6
waves,3
delicately,1
consequences,1
dimly,2
forgetful,2
brakes,2
dog-'rose,1
buy,1
uplands,1
home,76
doormat,1
panic,5
trudging,1
to-'morrow,10
diffident,1
hurts,2
ear,5
glad,11
trouble,31
gathered,10
hand-'in-'hand,2
have,166
meagre,1
excitements,1
follow,6
here's-'a-'sword-'for-'the-'badger,1
rodent,1
triumphantly,1
sunset,2
wind,15
pretend,2
pink,3
stress,2
loftily,1
willow-'herb,2
mirror,1
arrived,4
squares,1
stately,2
what's,15
scene-'pictures,1
pageant,1
highly,1
doings,4
whirled,1
capricious,1
curtains,1
starlight,1
back-'talk,1
domestic,4
hailed,3
comparing,1
ship,5
mocked,2
past,24
little,131
may-'flies,1
shovelled,1
doorways,1
frost,2
fallen,5
anyhow,8
evasively,1
offended,3
he'd,5
attempted,1
suggested,3
can,60
sundown,2
congratulate,1
firesides,1
endurance,1
dinner,8
inn,3
vanish,1
couldn't,7
whenever,1
everybody,13
influence,2
saplings,2
rarely,2
hollows,1
broke,10
expensive,3
pulsation,1
dutifully,1
exploration,1
news,8
gardens,1
answering,1
wouldn't,22
gossiping,1
undress,1
i'll,47
dreadfully,2
pressing,3
uttered,1
feed,1
makes,5
door,50
scampered,1
pasturage,2
smelling,1
closely,3
mornings,2
well-'known,4
slow,8
hullo,7
potter,1
expedition,5
finished,12
waiting-'room,1
deposited,1
sprawl,1
provoking,1
beamed,1
a-'pleasuring,3
hurry,4
catch,7
savagely,1
to-'night,8
violent,4
indeed,44
perhaps,26
pick,5
luck,9
unless,2
sausage,2
railway,4
addressing,1
dispatched,1
field-'mice,5
dive,3
staggering,2
entrancing,1
rowans,1
swept,1
consenting,1
obliged,2
approvingly,2
poorly,1
mend,2
vision,3
darting,1
gift,3
pipe,2
nerves,3
drowsily,1
rooms,5
subtle,1
wheelwright's,1
well-'metalled,2
blacksmith's,1
wistful,1
umbrella-'stand,1
conservatory,1
bloods,1
complaint,3
slept,7
their,175
cupboard,1
speck,3
common,9
hammer,1
repose,1
badger,143
mild,3
windfall,1
didn't,20
anxiously,6
otters,2
boating,6
sooner,7
walk,8
presently,36
town,11
reached,23
brace,1
thoughtless,2
clammy,1
sister,1
rain,1
dogging,1
grows,1
occupant,3
carriage-'drive,4
plying,1
supposing,9
ark,1
hysterical,2
fists,2
known,9
cage,2
rather,31
dear,31
deepest,1
lined,1
impending,1
engraved,1
carrying,6
ringing,1
clutched,1
inspected,1
staggered,1
pieces,2
missing,7
state,4
hopeless,3
purposes,1
twenty,3
practical,2
runs,5
useless,2
horrid,8
onset,1
carelessly,2
carts,5
otter,29
unique,1
probing,1
dust-'clouds,1
trudge,2
courtyards,1
track,6
accepts,1
plates,6
applauded,1
goodly,2
rudely,1
flowery,2
drink,3
monotone,2
decide,1
sea-'spray,1
bliss,3
instance,2
oar,1
traps,1
hate,3
messing,4
comforters,1
else's,1
near,15
behind,44
bed-'clothes,1
somebody,4
sunrise,2
lanterns,1
week,7
may-'fly,2
stirring,3
sicily,1
night's,2
stars,3
shook,15
wondrous,1
cushions,5
demanded,2
needn't,6
dreamt,4
sardine-'tins,1
pan-'pipes,1
preoccupied,1
axles,2
succeeded,6
school,2
actions,1
faintly,5
bubbles,3
contrary,3
submersion,1
satisfied,4
placid,2
meadows,3
breathed,1
stared,6
pasture,1
error,1
resumed,4
bacon,3
steam-'launches,1
lawn,4
recollect,2
motorcar,1
prisoners,4
ducked,1
compositions,1
housekeeping,1
rival,1
coasting,3
jockeying,1
driven,2
dipped,2
skipper,1
uplifted,3
home-'sickness,1
view,10
forgetfulness,2
law,3
here's,4
carefully,10
scoundrels,1
body-'guard,1
trayful,1
danced,2
irredeemable,1
hunt,2
crash,2
directed,2
backing,1
clatter,1
plunging,1
natural,4
unpacking,1
blown,1
heaven-'born,1
heat,3
work,24
disgusted,1
gathering,5
dreaming,1
ecstasy,1
fished,1
droning,1
cared,3
one's,6
merry,6
distance,6
utterly,2
landing-'stage,1
plate-'glass,1
enwrapped,1
no,142
chief,8
where's,6
limbs,2
drove,3
marched,9
blew,2
trapped,1
magnificent,3
arches,1
spur,1
samuel,1
swifts,1
latch,1
progress,1
away,60
thoughtfully,4
chest,3
brown,9
v,2
pathetically,2
manage,2
rang,2
island,5
wicked,3
drag,3
ditch,7
jump,8
blast,1
chivvying,2
peaceful,3
dote,1
paw,23
snare,1
sky,14
conversation,6
rhythm,1
hunting-'grounds,1
besides,8
skipped,1
smothery,1
pain,6
consult,2
poop-'poop,7
miles,15
warmed,2
evenings,2
trades,1
admitted,4
knock,5
revelation,1
get,73
centre,2
expression,7
glancing,2
occasion,3
masters,1
seafaring,3
chaffing,1
tested,1
hum,4
heels,4
come,103
chilblains,1
sanitation,1
floated,1
praying,1
future,4
precisely,1
northern,1
clearest,1
yes,19
untoward,1
horse's,3
story-'telling,1
table,36
thoughts,5
fleet,1
lanes,3
craze,1
reminds,2
resume,3
sleet,2
primitive,1
follows,1
describe,2
went,67
canopied,1
wakeful,1
sparkling,2
share,3
disc,1
generous,1
trackless,2
discussion,1
plain-'clothes,1
camped,1
by-'lanes,1
strength,3
sprang,5
dusters,1
narrow,12
value,5
grassy,1
cheerful,8
holding,6
brick,3
hauled,8
cares,2
preferences,1
oven,1
burying,1
visible,6
motor-'cars,7
motion,4
brazen,1
suitable,1
kingfishers,1
line,16
various,2
captain's,2
trudged,1
breakfast,18
earlier,3
imminent,1
platters,1
declared,2
notes,2
grasping,1
hadn't,2
dress,2
afford,2
ears,14
weirs,1
decidedly,1
end,26
passport,1
remark,1
twopence,1
fads,1
adopted,1
safe,15
cries,1
whispered,5
squeeze,2
fast,14
lower,2
fascinating,1
patient,3
meal,11
night,55
clanged,2
roadhogs,1
listen,3
silently,6
ordered,8
grasses,1
appearing,2
icy,1
nostrils,1
repeat,2
one-'tenth,1
oarsman,1
larger,4
fuller,1
talked,15
steam,3
inspection,1
company,12
windy,1
rocks,1
big,9
presents,1
ate,3
here,96
tooting,1
whistlings,1
graze,2
fad,1
river-'side,1
recalled,2
events,3
loose,3
clock,1
habitations,1
dejected,3
sketched,1
leafy,1
drew,15
ample,2
stretcher,1
trance,2
artfulness,1
evening,20
ix,2
hopelessly,5
airless,2
fore-'paws,2
joys,2
slopes,2
footsteps,3
lightly,11
stopped,10
practise,1
oddsbodikins,1
blow,2
good-'day,1
exists,1
whistled,4
emotions,1
kicked,7
pretending,1
developed,2
smell,12
power,5
hatful,1
intimately,1
swan,1
elbow,4
meandered,1
shaft,1
schools,1
vaguely,2
broken,11
nail,2
boisterous,1
furthest,1
got,83
flit,1
mayn't,3
harnessed,1
hedgerow,2
hay,2
placidly,2
mullion,1
upstairs,6
nets,3
nosebags,1
self-'reproaches,1
short,20
with,473
anticipating,2
glimpses,1
necessaries,4
moorings,2
cheerless,1
shows,1
meantime,4
browning,1
brave,2
presence,2
casually,2
horse,35
floundering,1
draining,1
capture,3
solid,8
somnolence,1
companions,3
packets,1
arduous,1
modern,2
sprawled,1
bolt,1
troubled,3
see,101
day's,3
impatient,2
planning,2
advancing,2
exceeding,1
disappoint,1
mud,6
lockers,2
honeycomb,1
everything,32
straight,16
youngsters,2
sung,4
sleeping,4
surprise,6
granted,1
intoxicating,2
small,39
suspected,3
dog,4
arrangements,2
togs,1
creation,1
given,6
less,8
bee,2
sun's,1
speaking,6
waterways,1
shoulders,6
harp,1
proceeded,7
gassing,1
snorting,1
helped,9
pleasure,13
suppose,13
piper,2
glamour,2
garden-'chair,1
hated,1
good-'nature,1
fitments,1
ways,7
comment,1
canary-'coloured,4
drowsy,2
entering,2
tempting,1
solace,1
stories,9
budged,1
coming,21
boy,3
splashes,1
screens,1
argue,2
sniffy,1
legs,25
we're,24
steps,6
stiff,4
howling,1
snug,4
path,6
fusty,1
overhear,1
chewed,1
dubiously,2
pop,1
dominoes,1
possess,2
letter-'paper,2
ferrets,2
expose,1
questions,1
greedy,2
potted,1
careful,6
pot,5
part,18
cosy,3
variety,2
innocent,6
pans,1
bird,4
thoughtful,3
met,4
puffed,1
large,16
would,84
folded,2
stand,10
horns,1
smashing,1
luxuriant,1
sane,1
i'm,64
there,164
deep,21
nosed,1
tendency,1
hands,9
world,32
comfortable,10
killed,1
skirmishing,1
angles,1
change,9
notice,5
gasp,1
dusty,11
communing,1
institution,1
wages,1
clev,1
are,106
seated,2
newness,2
chairman,3
gipsy,16
open,25
bitterly,2
held,22
mull,1
following,7
mysteriously,1
yourself,20
years,9
packed,5
empress,1
sheaves,1
cheerfully,10
i've,47
tear,2
volatile,1
disappearing,1
opinion,1
country,21
burst,5
nudged,1
something,63
lustily,1
saw,58
mysterious,4
based,1
adding,1
boisterously,1
comes,13
sploosh,1
caught,22
guest,2
telling,14
homewards,2
anchor,2
pots,2
shore,7
dispelled,1
civil,3
deliberation,1
snow-'caverns,1
overboard,1
a-'twittering,1
middle,12
wanted,21
wrung,2
resting,6
chair,11
boastful,1
guardroom,1
hop,1
sit,28
lucky,3
hunted,4
chap,12
purple,5
introduction,1
passed,18
anticipations,1
smells,5
likeness,1
bookshelves,1
peered,3
ramble,3
disembarked,1
capstan,1
played,8
lunch,5
pleaded,3
murmured,15
harsh,1
feast,1
terribly,3
cross,1
grass,10
shadow,1
shipped,2
glided,3
tramp,2
exchanged,3
banquet,10
thrilling,2
spend,5
roared,2
lawns,2
teach,8
walls,6
sensible,11
houses,2
nicest,1
banqueting-'hall,6
neatly-'set,1
firm,5
shouldn't,2
boat-'house,5
stanchions,1
supper,24
fire,28
landing,4
proudly,2
corselet,1
go,84
adventure,2
wish,5
lines,4
listening,8
left,34
lamp,2
cart's,1
slid,4
returned,14
hall,48
paddle,2
strapped,2
reaching,2
calling,6
copses,2
freedom,1
rounding,1
qualities,5
sentry,1
late,26
airily,2
careless,6
silky,2
planted,3
adventurous,2
shy,5
loose-'strife,1
upon,26
geniuses,1
beating,3
invincible,1
exposed,2
correctly,1
soothingly,2
laid,7
solitary,3
relieve,1
darkly,1
admission,1
expanding,1
candid,1
uproar,1
job,3
reason,8
wide,13
steadily,9
whirl,2
concerning,2
linked,2
concealment,1
gravelly,1
order,7
glistening,1
discomfort,1
likes,4
possibly,6
naturally,10
longer,10
cool,7
coaching,1
twelve,1
roach,1
cow-'sheds,1
oughtn't,2
oblivious,1
overcoat,2
flitting,1
giggled,3
canary-'yellow,1
yellow,7
idle,4
seafarer's,1
great,80
rhymes,2
evidently,11
drakes,1
length,12
steed,2
tails,4
demand,1
squeak,1
ditty,1
mind,49
couch,1
leave,16
chins,2
either,24
time,132
implored,1
feathers,3
shaking,7
bend,2
gleams,1
infants,1
ducks,9
hedgehogs,6
visiting,1
should,34
member,1
surrounded,2
sixpence,4
up,313
sleepiness,1
pay,7
composed,5
fender,1
river,74
ramifications,1
packing,2
singing,8
acquaintance,3
laundry,1
heroic,1
fierceness,1
clog,2
constantly,2
goddess,1
parental,1
sculled,5
scramble,1
lever,1
paddock,4
names,4
burrow,1
introducing,1
dismal,2
command,2
reed-'stems,1
grew,18
shove,1
moved,11
ripening,1
exploit,2
shivering,3
impossible,2
lapping,1
stooping,1
whole,22
diplomatically,1
matters,6
new-'found,1
considerate,1
strictly,1
smashed,2
keen-'featured,1
sleepy,7
settling,1
pools,1
jeeringly,1
presumably,1
certainly,8
throws,1
self-'sufficing,1
steamers,2
pike,1
nearly,8
report,1
spoke,5
while,75
interferes,1
inside,17
whom,10
vibrating,1
cocked,1
dim,5
unconsciousness,1
gallant,5
disposed,3
means,6
squire,2
dressing-'gown,2
spread,9
delaying,1
scrabbled,2
shrouded,1
turn,25
arm-'chair,9
enjoyment,1
and,3089
many,29
rolls,2
new-'born,1
direction,8
another,33
brush-'up,1
hummocky,2
forehead,1
kindly,15
broad,7
marketplace,1
tingled,1
beside,6
ungrateful,3
red,15
moments,3
softly,6
clever,17
we,158
shabbily,1
wailed,2
void,1
recognition,1
slices,2
leapt,2
squeal,2
orchards,3
hints,1
brings,1
brooding,1
humbugged,1
earthwards,1
rack-'chamber,1
responded,5
hilly,1
basely,1
forgive,1
grappling,1
cunning,1
rooted,2
shingle,1
society,7
wet,12
overlook,2
cleverness,8
resembling,2
smart,4
true,8
d,1
surpassing,1
foremost,1
whiskers,3
movement,2
improve,1
darkest,1
shout,7
nothingness,1
strolling,3
dreams,3
scull,1
wasted,4
flags,1
tributary,1
righted,1
lately,4
washerwoman's,1
plunged,5
handed,2
lump,3
felt,21
tomorrow,1
southing,1
force,5
who,88
making,17
ashamed,2
jugs,1
bowls,1
ragged,1
added,9
trying,10
time-'table,1
disappearance,2
edge,22
snow-'bank,2
missed,3
set,48
metal,1
fourteenth,1
upalong,1
you're,38
swimming,3
suspecting,2
remaining,1
pulled,8
search,3
hot,20
hard-'eyed,1
nodded,8
recovered,4
hastened,1
capable,2
coughing,3
atgingerbeerlemonadesodawater,1
warmly,1
smoking-'suit,1
senses,2
gates,2
next,21
exciting,5
purposeful,1
citizens,1
had,339
patch,1
sinking,3
hare-'brained,1
ached,1
interval,1
confidence,2
grab,1
badger's,11
alarmed,6
gravely,7
chicken,3
smiled,4
clambered,3
beds,2
clean,10
top,9
some,113
year's,2
charge,6
forges,1
after,55
apiece,1
unrest,1
flew,3
shame,1
seconds,2
assuring,1
stare,1
alas,2
you'll,24
provender,2
begin,8
functions,1
retorts,1
reaction,1
ass,11
laughing,19
related,3
later,10
property,5
spell,3
winking,1
a-'shake,1
effort,7
exasperating,1
thrusting,1
extreme,2
dotes,1
crowd,1
pockets,7
backwards,3
whisper,3
jaunt,1
muscles,3
gentleman,10
blaming,1
pocketful,1
highway,2
beech-'mast,1
smarten,1
strongly,4
barred,3
sculling,1
doubtfully,3
sharply,3
receded,1
inexperienced,1
treachery,1
wrench,1
bunks,2
explored,2
considerable,2
lodge,1
police-'station,3
riverside,4
already,13
athwart,1
north,1
straighten,1
treat,3
king,2
uses,2
self-'satisfaction,1
weak,1
trick,1
limp,2
simultaneously,2
pursuers,1
received,2
cart,19
poor,37
uncertain,2
nervously,3
commit,1
panels,1
loss,1
mustard,2
fork,2
onward,3
stripy,1
staring,7
plate,7
swirl,3
pondering,1
tightly,1
although,3
blowing,4
speak,4
sauntered,1
ought,27
today,1
guests,4
notice-'board,1
soda-'water,2
sometimes,6
moment,41
sudden,11
folly,4
forbade,1
leap,4
toasts,1
horizon,10
moving,12
far,52
house-'boating,1
bit,27
chanty,1
separated,1
occupation,2
central,2
neither,2
towing-'path,2
encumbered,1
cloop,1
winked,2
none,5
wonderfully,1
shoal,1
dare,8
cocky,1
stronger,2
affected,3
swelling,2
nearer,16
latter,2
clapped,1
abuse,1
covered,4
cheering,4
bathing,1
lock-'keeper,1
badger'll,1
wander,4
stable-'yard,2
story,4
incredible,2
chuckled,1
sitting,27
margin,1
tired,18
day,55
self-'conscious,1
linger,2
door-'mats,1
settled,11
multiplied,1
balmy,1
raced,2
badly,5
nobly,2
swerved,1
slung,1
ruins,1
stout,7
origin,1
rower,2
flapped,1
especially,6
getting,25
before,66
travellers,2
realise,2
fond,17
again,128
gets,7
steaming,1
whatever,20
hurried,8
drains,1
liked,12
wicket-'gate,1
house-'boat,2
nearest,6
deserted,5
wont,1
year,20
if,129
toasted,2
pass,13
untied,1
,18599
horribly,1
punt,1
unhappy,9
forefathers,1
rigid,2
sailing,1
breath-'snatching,1
four,14
self-'surrender,1
imploringly,1
contentedly,1
embodied,1
shawl,3
brand-'new,1
relinquished,1
who's,5
porridge,3
additional,1
grunted,1
engine-'driver,15
shouted,7
themselves,30
back-'door,2
forth,14
creatures,1
remain,3
heel,2
soothing,2
upper,2
devote,1
rowlocks,1
sorts,5
oppressive,1
deaf,1
afraid,12
good-'looking,1
shafts,1
cast,2
trust,4
inclined,5
wherein,3
draughty,2
motor-'boats,1
gasped,3
shrunk,1
oars,4
proceeding,2
mistrustful,1
exactly,15
spots,1
interesting,3
least,10
dish,1
indecision,1
stranger's,1
cost,2
dining-'hall,4
mood,1
humps,1
tone,1
self-'confident,1
love,5
try,28
bought,3
stated,1
imperiously,2
always,55
seeding,1
jigs,1
used,11
pondered,4
family,3
song,26
good-'natured,6
destroyer,1
shades,1
splendid,7
foxes,1
sure,13
suddenly,29
convey,2
a-'quiver,1
announced,2
communicating,1
invite,1
rearing,1
been,123
forward,12
seized,3
paths,3
heats,1
languorous,2
skilled,1
comfortably,2
wreck,1
showed,9
constant,2
offered,3
housekeeper,1
clerk,4
parted,3
brewed,1
oho,1
coals,5
funny,3
eagerly,11
scamper,1
queerest,1
ago,5
deal,21
bottom,5
shut,8
shaggy,1
wicker,3
bite,2
burnt,1
paused,3
touches,1
slipped,9
changing,3
moods,1
dipping,1
snow,31
will,88
energies,1
en,1
early,15
trembling,9
shoved,6
recollected,2
hooked,1
ready,20
spotless,1
example,1
unwearied,1
jam,1
creek,4
stipulation,1
grief,1
hired,1
streak,2
people,26
fun,15
rouse,3
pretty,12
sniggering,3
due,5
continue,2
excited,8
strikes,2
turf,2
blinking,1
chairs,7
character,7
smashes,2
career,4
rubbed,4
chirruped,1
forbearance,1
doubtless,2
cheered,3
coarse,1
eyes,39
fury,1
unpack,1
dark,27
loyal,2
blankets,4
foraged,1
populated,1
hidden,4
it'll,3
wandered,4
steel,2
bother,11
mouth,10
gurgle,1
caricatures,1
tracks,3
easy,16
surveyed,2
selvedge,1
his,726
two,68
drawn,2
seen,18
safely,2
i,565
mile,2
guards,1
awkward,1
insulted,1
luncheon,12
siesta,1
yielded,1
number,1
brought,9
sail,1
violence,1
delicate,6
fate,4
waiting,19
whacking,1
clear,22
difficulties,2
cards,2
smash,1
swinging,5
thatch,1
unfortunately,3
countenance,3
longing,3
midmost,1
thrust,11
murmur,7
mill-'house,1
evidence,1
fresh,22
owl,1
fore-'feet,1
city,7
clicked,1
fret,3
squashy,1
mightn't,1
instructed,1
dripping,3
chuckling,3
weir,4
shoulder,15
gondolas,1
storm-'cone,1
odor,1
into,175
snaky,1
snow's,2
feels,2
chase,1
disappeared,6
holds,1
lake,1
wine-'casks,1
kind-'hearted,2
feasted,1
post-'haste,1
kitchens,1
domum,2
obedient,1
land-'locked,2
string,1
potatoes,1
bunk,3
garden,4
sociably,1
sleek,2
genuine,1
rolled,6
on,551
ever,42
complete,8
sense,10
ulysses,2
snuggle,1
unkindly,1
sickening,1
towns,4
annoyance,2
smoke,5
may,34
nor,6
opening,5
theirs,3
paws,13
separate,1
though,43
subject,5
allude,1
jerkin,1
similar,1
absolutely,3
winter's,1
knew,37
hotel,3
daybreak,1
last,114
toady,9
imposing,1
fact,9
suffered,2
vi,2
climbed,3
orders,3
lane,5
lass,1
tore,2
can't,24
denying,2
attacked,3
run,18
originally,1
rights,6
sledge,1
sand,2
lift,5
finally,5
seems,9
locked,3
right,41
nobody,4
possible,10
composedly,1
grumbling,2
grateful,4
cleaned,4
shamefacedly,1
weasels,18
humourous,1
honey,2
chill,3
us,63
sloped,1
duck-'weed,1
experiment,1
hesitating,1
significantly,1
second-'class,1
main,4
ended,4
remembering,2
they'd,1
saying,25
sway,1
in,860
humbly,3
conquered,1
armfuls,1
stroked,2
accordance,1
paid,5
henceforth,2
ruin,1
lives,5
position,4
wherever,4
mixed,3
regularly,1
doing,16
undisturbed,1
shortly,5
water-'meadows,2
young,22
vacancy,1
mottled,2
below,8
several,9
quickly,8
through,96
woodland,4
wasn't,7
ripple,1
background,1
excursions,2
wants,2
twittered,1
public-'house,1
admit,3
hearth-'rug,1
spluttered,1
half,13
he,1022
lies,3
proprietor,1
tommy,1
consulted,2
jig,2
shock,5
clearly,13
sun-'bathed,1
lush,1
washing,20
stole,3
now,159
recite,2
ladders,1
decent,1
mole,296
half-'way,1
pull,6
loved,2
herons,1
fields,10
long,87
cab,1
gold,8
crowded,7
mustn't,3
captured,2
locker,1
ventured,2
breadth,1
steep,5
fixity,1
seafarers,1
isn't,12
slackening,1
flittings,1
golden,8
leg,9
amiable,1
slumbering,1
over-'ride,1
bellying,1
fling,2
tub,3
italian,1
pardon,4
deprive,2
fisherman,1
myself,17
nuisance,1
refer,1
father,9
particular,9
bonnet,7
fly,2
we've,12
budding,1
chattering,1
beams,1
thick-'headed,1
plum-'cake,1
moonless,1
forthwith,3
remarking,5
trading,2
leant,4
camps,1
sunlight,3
patches,2
drops,3
bedroom,8
level,7
painful,6
chimney,4
gleamed,1
february,1
dinner-'party,1
harbour,6
passion,3
autumn,1
rely,1
beckon,1
squirrel,1
snigger,1
taut,1
righting,1
down,160
manfully,2
attractive,2
revolving,2
regret,1
hasn't,2
re-'entered,1
corrected,1
smirk,1
alder,1
waste,3
public,1
feeling,10
sustained,1
must,54
judging,1
independent,2
hardly,11
tamed,1
floods,2
trickle,1
socks,1
canaries,1
going,63
populace,1
awfully,4
winter,13
excursionists,1
coach-'and-'four,1
sinuous,1
loud,4
off,105
start,12
tinned,1
freely,3
won't,18
kitchener,1
coloured,2
gemmed,1
sorrow,1
tearful,1
dignified,1
shoes,1
departure,1
sounds,9
narrow-'minded,2
break,4
gradually,12
carol,3
sparkle,2
borrowed,1
respect,1
intoxicated,3
here's-'a-'pistol-'for-'the-'toad,1
devon,1
re-'capture,1
smiles,1
behold,1
foreshores,2
interior,3
consider,5
spell-'bound,4
word,16
its,92
whine,1
peeped,2
passages,6
thinks,2
cut,13
fails,1
banqueted,1
unfolding,1
scraping,1
nowhere,2
mean,16
hugging,1
wheels,2
forelocks,1
silent,13
looking-'glass,1
stubborn,1
immensely,1
emitting,1
languid,2
good-'tempered,1
stolen,1
desperate,6
goggles,1
play,8
scanned,1
disregarding,1
underground,6
moored,1
dolorously,1
noon,2
also,5
wonder,13
cap,2
gravelled,1
cities,3
halls,1
passionate,6
acknowledgments,1
approached,4
pail,1
cherry,1
a,1305
coldtonguecoldhamcoldbeefpickledgherkinssaladfrenchrollscresssandwiches,1
ring,3
white,13
dull,7
cudgel,5
dimensions,1
pinions,1
rich,13
grey,13
coffee,2
briefly,5
hang,4
carpet,2
knee,1
scribbling,1
whiff,1
whoever,2
amusements,1
fellow,25
even,38
feet,26
accordingly,8
o,98
toad,412
brighten,1
fell,22
peremptory,1
inter-'communications,1
better,30
borne,3
sound,20
watching,9
reappeared,4
browsing,2
that's,49
fall,8
rules,1
preserves,1
piece,4
compact,4
river-'bankers,3
return,11
foolish,1
water,78
arm,14
malice,1
enquired,2
hush,1
contentment,9
sparkles,1
unwearying,1
mole's,17
dance-'music,2
soon,38
together,25
angry,5
unworthy,2
blue,12
couple,3
unenlightened,1
recapture,3
for,411
refreshments,1
drop,3
tumultuous,2
you'd,4
house,34
over,112
aimless,1
voluptuous,1
else,21
hearing,1
velvet,2
feathered,1
bird-'cage,3
hatred,1
sorry,16
strict,2
willing,1
your,124
embracing,1
frenzied,1
friends,52
bee-'line,1
any,86
helpless,4
let,45
replied,44
done,56
mine,12
kenneth,1
business,11
altogether,3
don't,72
stretched,5
song-'dream,1
doesn't,10
em,34
twined,1
heated,2
propped,3
grave,7
beasts,1
second,4
laughed,11
flop,1
died,4
hard,43
train,13
daily,3
hic,2
dived,2
simply,35
promising,1
jib,1
classic,1
pat,2
step,7
squandered,1
stalls,1
absolute,1
leads,4
welcome,6
wave-'lapped,1
apparel,1
thrown,7
beseeching,1
fatigues,1
never,98
both,26
nothing,50
merely,9
derive,1
has,41
hospitable,1
marrow,1
popped,2
floating,2
dashed,2
escape,7
tree-'trunks,2
it's,110
alassio,1
hoped,1
conceal,2
under,38
river-'shop,1
decent-'minded,1
her,41
gipsies,1
successfully,3
seventh,1
thoroughly,10
willows,1
tunnel-'like,1
startled,2
worked,5
lobster,2
price,1
wager-'boat,2
seat,16
nudging,1
dozing,2
features,1
stables,2
boundaries,1
enraptured,1
dreamed,2
courage,5
anecdote,1
wood,50
collapsed,3
speech,7
blindfold,1
wash,5
arms,9
declare,1
since,19
seas,5
liquid,1
animals,70
cried,55
possibilities,1
fine,20
dawn,7
heaps,3
curiosity,2
wooden,3
throat,1
real,24
minute,18
ruffled,1
keeps,2
employ,1
tables,4
loyally,1
talking,27
repast,2
quivering,2
of,1391
another's,2
prows,1
after-'career,1
swim,5
vague,1
reef,1
understand,23
scented,1
having,18
fully,4
castle,4
wriggling,1
mistake,3
earth-'dwelling,1
fastening,1
intelligence,1
nightcap,1
thought,50
humiliating,1
jigged,1
dressed,2
size,5
somewhat,12
aching,2
painted,8
breezy,2
lowly,1
flood,5
old,87
belongs,1
anticipated,1
good,90
new,27
vibrant,1
prize,2
pettishly,2
dumb,2
brow,6
milk,1
privilege,1
grahame,1
travel,4
fore-'leg,1
arm-'spread,1
fuel,1
beyond,8
appeal,3
reins,1
motto,1
space,7
pencil,2
rat,359
stained,1
attend,8
hair,4
inch,1
animal-'etiquette,3
rafters,1
rambled,1
kitchen,9
thick,13
digging,2
babbling,2
approaching,8
escapes,4
taken,17
southwards,3
row,10
unsurpassable,1
mines,1
plodded,2
dropping,2
round,65
struggling,5
here's-'a-'pistol-'for-'the-'badger,1
nature's,2
leafless,1
face,36
aspect,2
college,1
openings,1
baby,2
undertaken,1
nowadays,3
forest,2
unsuspected,1
resemblance,1
tend,1
do,135
owned,1
anchorage,2
flourish,2
stable,3
degrees,3
anywhere,7
unwashed,1
hearken,1
pleased,9
retorted,1
himself,132
more,110
intervened,1
active,1
pitched,1
gazed,1
shedding,1
pillow,3
wore,4
own,42
make,45
prospect,1
pat-'pat-'pat,1
oblige,3
skilful,1
alongside,3
sensation,1
spring-'cleaning,3
nice,15
found,56
compelled,1
heads,8
dreamily,5
golf-'links,1
ahead,16
tune,2
retained,1
dry,20
converted,3
breaks,1
useful,2
eye,14
does,5
gondola,1
silence,15
ratty,44
just,95
tickle,1
gripping,1
caravan,4
necks,1
bubble,2
there's,31
comrades,2
host,2
everything's,2
ashore,3
lateness,1
expand,2
satchel,3
how,82
yonder,2
brains,1
sent,11
a-'dabbling,2
squeaking,1
chat,2
course,61
cautiously,6
cooking-'stove,1
full-'bodied,1
snout,2
escorted,2
aren't,4
further,20
barley,2
busy,18
dancing,3
two's,1
foamy,1
peasants,1
indulge,1
female,1
warm,20
retraced,1
wafts,1
prostrate,4
than,28
masses,1
fault,3
glints,1
trees,11
halfway,3
impromptu,1
dust,7
playmates,1
doggedly,1
beggars,1
them,235
sir,10
weaker,2
hooray,5
local,2
forgotten,8
galley,1
trotted,4
we'll,27
poetry-'things,2
he'll,11
quantity,4
rustle,3
lugged,1
imagination,2
windows,16
excitement,7
stood,34
unlikely,1
distant,10
fare,1
interested,3
tricks,1
well-'shaped,1
yule-'time,1
stamping,6
full-'fed,1
ancestral,2
shall,50
sea-'mews,1
looks,7
badgers,5
regretful,1
partly,7
stone-'paved,1
arm-'in-'arm,1
sward,2
sailed,3
stillness,2
slippered,1
hopped,2
banks,6
hummocks,1
reminded,2
things,66
residences,1
south,9
heaped,1
fortress,1
beautiful,14
desperation,1
tender,1
aside,1
holiday,2
too,92
squealing,1
help,19
under-'hedge,1
appreciated,1
machine,2
onion-'sauce,2
shining,6
shan't,7
map,1
jolly,16
basket,7
station,7
child,5
seemed,71
thrills,1
playing,5
talk,29
embraced,1
accents,2
envy,1
hole,22
leaves,8
patiently,8
sighed,3
affair,4
instead,9
biting,1
porter,1
conjured,1
portly,9
like,90
sends,1
wintry,1
remarks,7
throwing,1
somersault,1
inform,1
noiselessly,1
slacken,2
flowers,4
majesty,1
same,30
baggily,1
dishes,2
chatter,5
adventures,16
deathless,1
hedgerows,3
cannon,1
half-'regretting,1
call,31
demi-'god,1
oh,13
lamps,2
threatening,2
satisfaction,4
stay,9
mechanical,1
rattle,4
supper-'time,1
procession,4
repeated,1
tumble,1
entertainment,1
our,34
wash-'tub,2
enjoy,1
to,1367
be,313
occurs,2
plumped-'out,1
inspiring,1
tense,2
overcome,2
sill,1
unconvinced,1
heap,4
powder,1
clings,1
usual,12
comforts,3
shellfish,1
charm,1
pausing,2
plentiful,1
mouths,3
curves,1
wild,37
prove,1
know,108
why,49
ask,13
few,18
darted,1
looped,1
hereabouts,2
pointed,2
overtook,1
farm-'buildings,1
live,12
pleasing,2
tree-'roots,2
often,5
struggled,5
cold,32
basement,1
pigeons,2
boudoir,1
called,18
shallows,1
lodgings,1
night-'fishings,1
about,152
or,193
stooped,1
working,8
semicircle,2
tilt,1
appear,4
finding,4
as,435
rabbits,7
water's,7
complaining,1
string-'music,1
jeers,1
experiences,4
staying,3
he's,32
shipping,2
groaned,1
billowy,1
painter,2
personage,1
insatiable,1
crew,3
came,68
worsted,1
quick,6
private,3
punting,1
toes,5
satisfactory,2
descended,3
destination,1
pea-'hens,1
sang,11
twinkled,2
breezes,1
bent,4
viii,2
hedge,7
bewitched,1
admiration,1
fatigue,1
delight,4
dulled,2
pony-'chaise,1
almost,12
village,8
sea,15
feelings,1
gazing,4
settles,2
transport,1
sun,21
splash,5
overheard,1
poet,2
villains,2
could,109
dells,1
eastwards,1
entered,7
bell-'pull,4
nature,8
tempests,2
earth,12
rat's,8
twisted,2
ironing,1
brooms,1
ii,2
scratched,4
lip,1
fired,1
italy,1
xii,2
aimlessly,2
thinking,13
entranced,2
meadow,3
dream,16
low,18
bowled,1
caress,1
knitted,1
once,69
applause,3
diverted,1
duffer,1
beer-'bottles,1
rouses,1
sentries,5
flourishing,1
stumble,1
most,21
cajole,1
followed,11
glow-'worm,1
wrathfully,1
marvellously,1
pride,8
wink,2
hat,1
is,200
fiction,1
shillings,7
scrooged,2
paddled,2
scraped,3
grasp,5
meet,2
probably,5
whether,13
wooders,2
towel,1
so,255
pulpy,1
hid,4
blinds,1
piled,5
depressed,4
debonair,2
important,3
w-'e-'ll,1
glasses,2
cotton,8
only,86
courts,1
daring,2
much,70
warily,1
warning,5
circumstances,1
building,1
bruised,1
dwindled,1
grow,3
strained,1
sipping,1
clung,3
summer,12
straw,9
rustling,2
retreated,1
moorhens,2
consummate,1
frame,2
bedraggled,3
runnels,1
somewhere,12
results,1
loneliness,1
out,223
butter,4
parlour,11
dropped,8
man,10
tenderly,1
bolted,1
hungry,19
bless,2
sucking,1
latticed,1
rude,2
darkness,9
apparently,6
looking,36
pelted,1
dodges,1
sweet,2
question,4
towards,20
full,46
it,651
anything,36
fur,3
luncheon-'basket,8
repentant,1
flashed,2
summoned,2
tastes,1
amber,2
turning,12
twin,1
harvest,3
lived,7
against,19
propose,2
patted,2
limit,4
sobbing,2
discussed,1
noise,8
brushed,4
chapter,13
caring,1
bright,12
cuckoo,1
brushwood,1
cottage,2
faint-'hearted,1
between,20
join,2
ecstacies,1
frightened,3
excellent,10
giggling,2
reviled,1
dull-'witted,1
miserable,3
but,284
reckless,3
epitome,1
hoof-'marks,1
eaten,3
rope,3
baccy,1
enough,26
men,8
without,34
very,233
across,33
waving,6
squeals,1
beak,1
wrongly,1
tidied,1
air,50
put,32
did,58
purpose,1
cuckoo's,1
puzzled,3
which,89
hummed,1
dulce,2
everlasting,1
every,47
star,4
an,146
dig,3
haunts,1
abhorrence,1
silly,4
listened,7
transported,2
supply,1
stuff,2
weary,17
lay,34
handling,1
slowly,18
mainland,1
temper,7
coat,4
wistfully,2
spirits,8
bored,1
am,40
lot,17
personal,2
